Workbook

Sheet Membership Level
A2: Levels | B2: Duration (Months) | C2: DAYS
A3: Cricket Month | B3: 1 | C3: =30*B3 -> 30
A4: Cricket Qty | B4: 3 | C4: =30*B4 -> 90
A5: Cricket HY | B5: 6 | C5: =30*B5 -> 180
A6: Cricket Y | B6: 12 | C6: =30*B6 -> 360
A7: Tennis Moth | B7: 1 | C7: =30*B7 -> 30
A8: Tennis Qty | B8: 3 | C8: =30*B8 -> 90
A9: Tennis HY | B9: 6 | C9: =30*B9 -> 180
A10: Tennis Y | B10: 12 | C10: =30*B10 -> 360
A11: Swimming 2 Moth | B11: 2 | C11: =30*B11 -> 60
A12: Swimming Moth | B12: 1 | C12: =30*B12 -> 30
A13: Swimming Qty | B13: 3 | C13: =30*B13 -> 90
A14: Swimming HY | B14: 6 | C14: =30*B14 -> 180
... A19: ZUMBA QTY | B19: 3 | C19: =30*B19 -> 90
A20: SKATING MONTH | B20: 1 | C20: 30
A21: SKATING QTY | B21: 3 | C21: 90
F39: ='Membership Level'!A1 -> 0

Sheet SWIMMING 2026
D2: Club Membership Database | E2: -2026
C5: =3300*30/100 -> 990
A7: Contact Information | F7: Membership | M7: Notice term
A8: REG NO | B8: REG, DATE | C8: Last Name | D8: First Name | E8: MOBILE NO. | F8: Level | G8: DAYS | H8: Membership Fees | I8: Fees Paid | J8: Fees Due | K8: Start | L8: Expiration | M8: Days
A9: CAP/SW/01 | B9: 46057 | C9: CHOUIDHARY | D9: SANCHITA | F9: ='Membership Level'!A12 -> Swimming Moth | H9: 4400 | I9: 4400 | J9: =H9-I9 -> 0 | K9: 46057 | L9: =DATE(YEAR(K9),MONTH(K9)+VLOOKUP($F9,'Membership Level'!$A$3:$B$15,2,FALSE),DAY(K9)) -> 46085 | M9: 3
A10: CAP/SW/02 | B10: 46067 | C10: K | D10: PRANJAL | E10: 9113785019 | F10: ='Membership Level'!A14 -> Swimming HY | G10: 6 MONTHS | H10: 18000 | I10: 18000 | J10: =H10-I10 -> 0 | K10: 46070 | L10: =DATE(YEAR(K10),MONTH(K10)+VLOOKUP($F10,'Membership Level'!$A$3:$B$15,2,FALSE),DAY(K10)) -> 46251 | M10: 3
A11: CAP/SW/03 | B11: 46069 | C11: KUMARI | D11: NEHA | E11: 9711983243 | F11: ='Membership Level'!A12 -> Swimming Moth | G11: 2 DAYS | H11: 2500 | I11: 2500 | J11: =H11-I11 -> 0 | K11: 46070 | L11: =DATE(YEAR(K11),MONTH(K11)+VLOOKUP($F11,'Membership Level'!$A$3:$B$15,2,FALSE),DAY(K11)) -> 46098 | M11: 3
A12: CAP/SW/04 | B12: 46069 | C12: SINGH | D12: ASMITA | E12: 8552081564 | F12: ='Membership Level'!A12 -> Swimming Moth | G12: 2 DAYS | H12: 2500 | I12: 2500 | J12: =H12-I12 -> 0 | K12: 46070 | L12: =DATE(YEAR(K12),MONTH(K12)+VLOOKUP($F12,'Membership Level'!$A$3:$B$15,2,FALSE),DAY(K12)) -> 46098 | M12: 3
A13: CAP/SW/05 | B13: 46069 | C13: SINGH | D13: SHIVAM | E13: 8757640445 | F13: ='Membership Level'!A12 -> Swimming Moth | H13: 4400 | I13: 4400 | J13: =H13-I13 -> 0 | K13: 46070 | L13: =DATE(YEAR(K13),MONTH(K13)+VLOOKUP($F13,'Membership Level'!$A$3:$B$15,2,FALSE),DAY(K13)) -> 46098 | M13: 3
A14: CAP/SW/06 | B14: 46069 | C14: DR PALLAVI | E14: 7903400253 | F14: ='Membership Level'!A12 -> Swimming Moth | H14: 4400 | I14: 4400 | J14: =H14-I14 -> 0 | K14: 46070 | L14: =DATE(YEAR(K14),MONTH(K14)+VLOOKUP($F14,'Membership Level'!$A$3:$B$15,2,FALSE),DAY(K14)) -> 46098 | M14: 3
A15: CAP/SW/07 | B15: 46070 | C15: RAJENDRAN | D15: KARTHIK | E15: 9999014349 | F15: ='Membership Level'!A12 -> Swimming Moth | G15: MONTHLY | H15: 4400 | I15: 4400 | J15: =H15-I15 -> 0 | K15: 46143 | L15: =DATE(YEAR(K15),MONTH(K15)+VLOOKUP($F15,'Membership Level'!$A$3:$B$15,2,FALSE),DAY(K15)) -> 46174 | M15: 3
A16: CAP/SW/08 | B16: 46070 | C16: JHA | D16: KISHLAY | E16: 9999467539 | F16: ='Membership Level'!A13 -> Swimming Qty | G16: 3 MONTHS | H16: 11500 | I16: 11500 | J16: =H16-I16 -> 0 | K16: 46070 | L16: =DATE(YEAR(K16),MONTH(K16)+VLOOKUP($F16,'Membership Level'!$A$3:$B$15,2,FALSE),DAY(K16)) -> 46159
A17: CAP/SW/09 | B17: 46070 | C17: SINHA | D17: DR.SOUMYA | E17: 9304880904 | F17: ='Membership Level'!A12 -> Swimming Moth | H17: 4000 | I17: 4000 | J17: =H17-I17 -> 0 | K17: 46070 | L17: =DATE(YEAR(K17),MONTH(K17)+VLOOKUP($F17,'Membership Level'!$A$3:$B$15,2,FALSE),DAY(K17)) -> 46098 | M17: 3
A18: CAP/SW/10 | B18: 46071 | C18: SINGH | D18: DEEPAK KUMAR | E18: 7676011492 | F18: ='Membership Level'!A12 -> Swimming Moth | H18: 4000 | I18: 4000 | J18: =H18-I18 -> 0 | K18: 46071 | L18: =DATE(YEAR(K18),MONTH(K18)+VLOOKUP($F18,'Membership Level'!$A$3:$B$15,2,FALSE),DAY(K18)) -> 46099 | M18: 3
A19: CAP/SW/11 | B19: 46071 | C19: KUMAR | D19: PRATIK | E19: 8578000035 | F19: ='Membership Level'!A12 -> Swimming Moth | H19: 4000 | I19: 4000 | J19: =H19-I19 -> 0 | K19: 46130 | L19: 46160 | M19: 3
A20: CAP/SW/12 | B20: 46071 | C20: PODDAR | D20: PREETI | E20: 6203439924 | F20: ='Membership Level'!A12 -> Swimming Moth | H20: 4000 | I20: 4000 | J20: =H20-I20 -> 0 | K20: 46071 | L20: 46099
A21: CAP/SW/13 | B21: 46072 | C21: KUMAR | D21: ASHISH | E21: 8169375056 | F21: ='Membership Level'!A12 -> Swimming Moth | G21: MONTHLY | H21: 4400 | I21: 4400 | J21: =H21-I21 -> 0 | K21: 46071 | L21: 46100 | M21: 3
A22: CAP/SW/14 | B22: 46072 | D22: CHANDRAWEEN | E22: 9674155448 | F22: ='Membership Level'!A12 -> Swimming Moth | H22: 4400 | I22: 4400 | J22: =H22-I22 -> 0 | K22: 46072 | L22: =DATE(YEAR(K22),MONTH(K22)+VLOOKUP($F22,'Membership Level'!$A$3:$B$15,2,FALSE),DAY(K22)) -> 46100 | M22: 3
A23: CAP/SW/15 | B23: 46072 | C23: SINHA | D23: DURGESH | E23: 8886990845 | F23: ='Membership Level'!A14 -> Swimming HY | G23: 6 MONTHS | H23: 16000 | I23: 16000 | J23: =H23-I23 -> 0 | K23: 46072 | L23: 46253 | M23: 3
A24: CAP/SW/16 | B24: 46071 | C24: KUMAR | D24: RUPESH | E24: 7676011492 | F24: ='Membership Level'!A12 -> Swimming Moth | G24: 3 DAYS | H24: 3000 | I24: 3000 | J24: =H24-I24 -> 0 | K24: 46160 | L24: =DATE(YEAR(K24),MONTH(K24)+VLOOKUP($F24,'Membership Level'!$A$3:$B$15,2,FALSE),DAY(K24)) -> 46191 | M24: 3
A25: CAP/SW/17 | B25: 46073 | C25: BHARTI | D25: NESH RAJ | E25: 9548107173 | F25: ='Membership Level'!A12 -> Swimming Moth | G25: 2 DAYS | H25: 2500 | I25: 2500 | J25: =H25-I25 -> 0 | K25: 46073 | L25: =DATE(YEAR(K25),MONTH(K25)+VLOOKUP($F25,'Membership Level'!$A$3:$B$15,2,FALSE),DAY(K25)) -> 46101
A26: CAP/SW/18 | B26: 46074 | C26: VARDHAN | D26: SIDHARTH | E26: 9304716545 | F26: ='Membership Level'!A12 -> Swimming Moth | G26: 3 DAYS | H26: 3300 | I26: 3300 | K26: 46102 | L26: =DATE(YEAR(K26),MONTH(K26)+VLOOKUP($F26,'Membership Level'!$A$3:$B$15,2,FALSE),DAY(K26)) -> 46133
A27: CAP/SW/19 | B27: 46074 | C27: RAY | D27: JAYJIT | E27: 9471006930 | F27: ='Membership Level'!A12 -> Swimming Moth | G27: 3 DAYS | H27: 3300 | I27: 3300 | J27: =H27-I27 -> 0 | K27: 46102 | L27: =DATE(YEAR(K27),MONTH(K27)+VLOOKUP($F27,'Membership Level'!$A$3:$B$15,2,FALSE),DAY(K27)) -> 46133 | M27: 3
A28: CAP/SW/20 | B28: 46074 | D28: DR. NISHANT | E28: 9073139001 | F28: ='Membership Level'!A12 -> Swimming Moth | G28: 3 DAYS | H28: 3000 | I28: 3000 | J28: =H28-I28 -> 0 | K28: 46074 | L28: =DATE(YEAR(K28),MONTH(K28)+VLOOKUP($F28,'Membership Level'!$A$3:$B$15,2,FALSE),DAY(K28)) -> 46102 | M28: 3
A29: CAP/SW/21 | B29: 46074 | C29: I.C YADAV | D29: ISHWAR CHANDRA (I.C . YADAV ) | E29: 9279086474 | F29: ='Membership Level'!A13 -> Swimming Qty | G29: 9 MONTHS | H29: 24700 | I29: 24700 | J29: =H29-I29 -> 0 | K29: 46074 | L29: =DATE(YEAR(K29),MONTH(K29)+VLOOKUP($F29,'Membership Level'!$A$3:$B$15,2,FALSE),DAY(K29)) -> 46163 | M29: 3
A30: CAP/SW/22 | B30: 46074 | C30: PRAYADASHI | D30: SRITABH | E30: 7306597482 | F30: ='Membership Level'!A12 -> Swimming Moth | G30: 2 DAYS | H30: 2500 | I30: 2500 | J30: =H30-I30 -> 0 | K30: 46133 | L30: =DATE(YEAR(K30),MONTH(K30)+VLOOKUP($F30,'Membership Level'!$A$3:$B$15,2,FALSE),DAY(K30)) -> 46163 | M30: 3
A31: CAP/SW/23 | B31: 46074 | C31: GHOSH | D31: SAYANI DAS | E31: 8910553619 | F31: SWIMMING QTY | G31: 3 MONTHS(3DAYS) | H31: 8500 | I31: 8500 | J31: =H31-I31 -> 0 | K31: 46074 | L31: 46163 | M31: 3
A32: CAP/SW/24 | B32: 46075 | C32: KUMARI | D32: VIBHA | E32: 7549725852 | F32: ='Membership Level'!A12 -> Swimming Moth | G32: MONTHLY | H32: 4400 | I32: 4400 | J32: =H32-I32 -> 0 | K32: 46075 | L32: =DATE(YEAR(K32),MONTH(K32)+VLOOKUP($F32,'Membership Level'!$A$3:$B$15,2,FALSE),DAY(K32)) -> 46103 | M32: 3
A33: CAP/SW/25 | B33: 46075 | C33: RAJ | D33: AMAN | E33: 9386886568 | F33: ='Membership Level'!A12 -> Swimming Moth | G33: MONTHLY | H33: 4400 | I33: 4400 | J33: =H33-I33 -> 0 | K33: 46075 | L33: =DATE(YEAR(K33),MONTH(K33)+VLOOKUP($F33,'Membership Level'!$A$3:$B$15,2,FALSE),DAY(K33)) -> 46103 | M33: 3
A34: CAP/SW/26 | B34: 46075 | D34: ARNAV | E34: 8146089048 | F34: ='Membership Level'!A12 -> Swimming Moth | G34: MONTHLY (2 DAYS ) | H34: 2000 | I34: 2000 | J34: =H34-I34 -> 0 | K34: 46075 | L34: =DATE(YEAR(K34),MONTH(K34)+VLOOKUP($F34,'Membership Level'!$A$3:$B$15,2,FALSE),DAY(K34)) -> 46103 | M34: 3
A35: CAP/SW/27 | B35: 46075 | C35: PANDEY | D35: PANKAJ | E35: 8146089048 | F35: ='Membership Level'!A12 -> Swimming Moth | G35: MONTHLY (2 DAYS ) | H35: 2000 | I35: 2000 | J35: =H35-I35 -> 0 | K35: 46075 | L35: =DATE(YEAR(K35),MONTH(K35)+VLOOKUP($F35,'Membership Level'!$A$3:$B$15,2,FALSE),DAY(K35)) -> 46103 | M35: 3
A36: CAP/SW/28 | B36: 46075 | C36: DEY | D36: DEVANSHI | E36: 9893183545 | F36: ='Membership Level'!A12 -> Swimming Moth | G36: MONTHLY | H36: 3500 | I36: 3500 | J36: =H36-I36 -> 0 | K36: 46136 | L36: =DATE(YEAR(K36),MONTH(K36)+VLOOKUP($F36,'Membership Level'!$A$3:$B$15,2,FALSE),DAY(K36)) -> 46166 | M36: 3
A37: CAP/SW/29 | B37: 46075 | C37: SINGH | D37: EKTA | E37: 8340571295 | F37: ='Membership Level'!A12 -> Swimming Moth | G37: MONTHLY | H37: 4000 | I37: 4000 | J37: =H37-I37 -> 0 | K37: 46075 | L37: =DATE(YEAR(K37),MONTH(K37)+VLOOKUP($F37,'Membership Level'!$A$3:$B$15,2,FALSE),DAY(K37)) -> 46103
A38: CAP/SW/30 | B38: 46077 | C38: ANAND | D38: SHANKAR | E38: 8969827290 | F38: ='Membership Level'!A12 -> Swimming Moth | G38: 3 DAYS | H38: 3000 | I38: 3000 | J38: =H38-I38 -> 0 | K38: 46077 | L38: =DATE(YEAR(K38),MONTH(K38)+VLOOKUP($F38,'Membership Level'!$A$3:$B$15,2,FALSE),DAY(K38)) -> 46105 | M38: 3
A39: CAP/SW/31 | B39: 46077 | C39: BAYAHUT | D39: ARNIKA | E39: 8757993589 | F39: ='Membership Level'!A13 -> Swimming Qty | G39: 3 MONTHS (3 DAYS ) | H39: 7500 | I39: 7500 | J39: =H39-I39 -> 0 | K39: 46077 | L39: 46166 | M39: 3
A40: CAP/SW/32 | B40: 46077 | C40: SHANKAR | D40: RAVI | E40: 9661117444 | F40: ='Membership Level'!A12 -> Swimming Moth | G40: MONTHLY | H40: 4000 | I40: 4000 | J40: =H40-I40 -> 0 | K40: 46077 | L40: =DATE(YEAR(K40),MONTH(K40)+VLOOKUP($F40,'Membership Level'!$A$3:$B$15,2,FALSE),DAY(K40)) -> 46105 | M40: 3
A41: CAP/SW/33 | B41: 46077 | D41: DEEPANSHU | E41: 8873630016 | F41: ='Membership Level'!A12 -> Swimming Moth | G41: MONTHLY | H41: 4400 | I41: 4400 | J41: =H41-I41 -> 0 | K41: 46150 | L41: =DATE(YEAR(K41),MONTH(K41)+VLOOKUP($F41,'Membership Level'!$A$3:$B$15,2,FALSE),DAY(K41)) -> 46181 | M41: 3
A42: CAP/SW/34 | B42: 46077 | D42: SUBHDA | E42: 9262325017 | F42: ='Membership Level'!A12 -> Swimming Moth | G42: MONTHLY (3 DAY) | H42: 2800 | I42: 2800 | J42: =H42-I42 -> 0 | K42: 46136 | L42: =DATE(YEAR(K42),MONTH(K42)+VLOOKUP($F42,'Membership Level'!$A$3:$B$15,2,FALSE),DAY(K42)) -> 46166 | M42: 3
A43: CAP/SW/35 | B43: 46078 | C43: VERMA | D43: H.P | E43: 9905415111 | F43: ='Membership Level'!A14 -> Swimming HY | G43: 6 MONTHS | H43: 18000 | I43: 18000 | J43: =H43-I43 -> 0 | K43: 46077 | L43: =DATE(YEAR(K43),MONTH(K43)+VLOOKUP($F43,'Membership Level'!$A$3:$B$15,2,FALSE),DAY(K43)) -> 46258 | M43: 3
A44: CAP/SW/36 | B44: 46078 | C44: SHARMA | D44: SHREYA | E44: 9205642415 | F44: ='Membership Level'!A12 -> Swimming Moth | G44: MONTHLY | H44: 3800 | I44: 3800 | J44: =H44-I44 -> 0 | K44: 46108 | L44: =DATE(YEAR(K44),MONTH(K44)+VLOOKUP($F44,'Membership Level'!$A$3:$B$15,2,FALSE),DAY(K44)) -> 46139 | M44: 3
A45: CAP/SW/37 | B45: 46078 | C45: SHARMA | D45: SIDHARTH | E45: 9205642415 | F45: ='Membership Level'!A12 -> Swimming Moth | G45: MONTHLY | H45: 3800 | I45: 3800 | J45: =H45-I45 -> 0 | K45: 46139 | L45: =DATE(YEAR(K45),MONTH(K45)+VLOOKUP($F45,'Membership Level'!$A$3:$B$15,2,FALSE),DAY(K45)) -> 46169 | M45: 3
A46: CAP/SW/38 | B46: 46078 | D46: KAUSHTUBA | E46: 7070373418 | F46: ='Membership Level'!A12 -> Swimming Moth | G46: MONTHLY | H46: 2800 | I46: 2800 | J46: =H46-I46 -> 0 | K46: 46078 | L46: 46106 | M46: 3
A47: CAP/SW/39 | B47: 46078 | D47: KIARA | E47: 7070373418 | F47: ='Membership Level'!A12 -> Swimming Moth | G47: MONTHLY | H47: 2800 | I47: 2800 | J47: =H47-I47 -> 0 | K47: 46078 | L47: =DATE(YEAR(K47),MONTH(K47)+VLOOKUP($F47,'Membership Level'!$A$3:$B$15,2,FALSE),DAY(K47)) -> 46106 | M47: 3
A48: CAP/SW/40 | B48: 46078 | D48: ASHUTOSH | E48: 9334272809 | F48: ='Membership Level'!A12 -> Swimming Moth | G48: MONTHLY | H48: 3000 | I48: 3000 | J48: =H48-I48 -> 0 | K48: 46078 | L48: =DATE(YEAR(K48),MONTH(K48)+VLOOKUP($F48,'Membership Level'!$A$3:$B$15,2,FALSE),DAY(K48)) -> 46106 | M48: 3
A49: CAP/SW/41 | B49: 46079 | C49: SONAL | D49: SIDDHARTH | E49: 8260285700 | F49: ='Membership Level'!A12 -> Swimming Moth | G49: MONTHLY (3 DAYS) | H49: 3300 | I49: 3300 | J49: =H49-I49 -> 0 | K49: 46107 | L49: =DATE(YEAR(K49),MONTH(K49)+VLOOKUP($F49,'Membership Level'!$A$3:$B$15,2,FALSE),DAY(K49)) -> 46138 | M49: 3
A50: CAP/SW/42 | B50: 46079 | C50: KUMAR | D50: NIKET | E50: 9471564445 | F50: ='Membership Level'!A12 -> Swimming Moth | G50: MONTHLY ( 3 DAYS ) | H50: 3300 | I50: 3300 | J50: =H50-I50 -> 0 | K50: 46079 | L50: =DATE(YEAR(K50),MONTH(K50)+VLOOKUP($F50,'Membership Level'!$A$3:$B$15,2,FALSE),DAY(K50)) -> 46107 | M50: 3
A51: CAP/SW/43 | B51: 46079 | C51: SHARMA | D51: RAVINDRA | E51: 9205642415 | F51: ='Membership Level'!A12 -> Swimming Moth | G51: MONTHLY | H51: 4000 | I51: 4000 | J51: =H51-I51 -> 0 | K51: 46079 | L51: =DATE(YEAR(K51),MONTH(K51)+VLOOKUP($F51,'Membership Level'!$A$3:$B$15,2,FALSE),DAY(K51)) -> 46107
A52: CAP/SW/44 | B52: 46080 | C52: JOSHI | D52: ARJUN | E52: 7899207676 | F52: ='Membership Level'!A12 -> Swimming Moth | G52: MONTHLY (3 DAYS) | H52: 3000 | I52: 3000 | J52: =H52-I52 -> 0 | K52: 46080 | L52: =DATE(YEAR(K52),MONTH(K52)+VLOOKUP($F52,'Membership Level'!$A$3:$B$15,2,FALSE),DAY(K52)) -> 46108 | M52: 3
A53: CAP/SW/45 | B53: 46080 | C53: SHARMA | D53: RISHIKA | E53: 9205642415 | F53: ='Membership Level'!A12 -> Swimming Moth | G53: MONTHLY | H53: 3200 | I53: 3200 | J53: =H53-I53 -> 0 | K53: 46108 | L53: =DATE(YEAR(K53),MONTH(K53)+VLOOKUP($F53,'Membership Level'!$A$3:$B$15,2,FALSE),DAY(K53)) -> 46139 | M53: 3
A54: CAP/SW/46 | B54: 46081 | D54: SRIJAN | E54: 7676011492 | F54: ='Membership Level'!A12 -> Swimming Moth | G54: MONTHLY (3 DAYS) | H54: 2800 | I54: 2800 | J54: =H54-I54 -> 0 | K54: 46109 | L54: =DATE(YEAR(K54),MONTH(K54)+VLOOKUP($F54,'Membership Level'!$A$3:$B$15,2,FALSE),DAY(K54)) -> 46140 | M54: 3
A55: CAP/SW/47 | B55: 46081 | D55: RISHAV | E55: 7676011492 | F55: ='Membership Level'!A12 -> Swimming Moth | G55: MONTHLY ( 3 DAYS ) | H55: 2800 | I55: 2800 | J55: =H55-I55 -> 0 | K55: 46109 | L55: =DATE(YEAR(K55),MONTH(K55)+VLOOKUP($F55,'Membership Level'!$A$3:$B$15,2,FALSE),DAY(K55)) -> 46140 | M55: 3
A56: CAP/SW/48 | B56: 46081 | C56: NAYAN | D56: VANSH | E56: 6204510731 | F56: ='Membership Level'!A12 -> Swimming Moth | G56: MONTHLY (3DAY ) | H56: 2800 | I56: 2800 | J56: =H56-I56 -> 0 | K56: 46154 | L56: =DATE(YEAR(K56),MONTH(K56)+VLOOKUP($F56,'Membership Level'!$A$3:$B$15,2,FALSE),DAY(K56)) -> 46185 | M56: 3
A57: CAP/SW/49 | B57: 46082 | C57: ARYA | D57: PRAJAS | E57: 9431000543 | F57: ='Membership Level'!A12 -> Swimming Moth | G57: MONTHLY | H57: 4400 | I57: 4400 | J57: =H57-I57 -> 0 | K57: 46113 | L57: =DATE(YEAR(K57),MONTH(K57)+VLOOKUP($F57,'Membership Level'!$A$3:$B$15,2,FALSE),DAY(K57)) -> 46143 | M57: 3
A58: CAP/SW/50 | B58: 46084 | C58: RAJ | D58: YASH | E58: 9065410825 | F58: ='Membership Level'!A12 -> Swimming Moth | G58: MONTHLY (1 DAY ) | H58: 1600 | I58: 1600 | J58: =H58-I58 -> 0 | K58: 46115 | L58: =DATE(YEAR(K58),MONTH(K58)+VLOOKUP($F58,'Membership Level'!$A$3:$B$15,2,FALSE),DAY(K58)) -> 46145 | M58: 3
A59: CAP/SW/51 | B59: 46084 | C59: RAJ | D59: KISHAN KUMAR | E59: 8406910394 | F59: ='Membership Level'!A12 -> Swimming Moth | G59: MONTHLY (3 DAY ) | H59: 3000 | I59: 3000 | J59: =H59-I59 -> 0 | K59: 46084 | L59: =DATE(YEAR(K59),MONTH(K59)+VLOOKUP($F59,'Membership Level'!$A$3:$B$15,2,FALSE),DAY(K59)) -> 46115 | M59: 3
A60: CAP/SW/52 | B60: 46084 | C60: KUMAR | D60: MITUL | E60: 9955255323 | F60: ='Membership Level'!A12 -> Swimming Moth | G60: MONTHLY | H60: 4000 | I60: 4000 | J60: =H60-I60 -> 0 | K60: 46084 | L60: =DATE(YEAR(K60),MONTH(K60)+VLOOKUP($F60,'Membership Level'!$A$3:$B$15,2,FALSE),DAY(K60)) -> 46115 | M60: 3
A61: CAP/SW/53 | B61: 46087 | C61: SAHAY | D61: SHANKAR | E61: 9934303533 | F61: ='Membership Level'!A12 -> Swimming Moth | G61: MONTHLY | H61: 4000 | I61: 4000 | J61: =H61-I61 -> 0 | K61: 46087 | L61: =DATE(YEAR(K61),MONTH(K61)+VLOOKUP($F61,'Membership Level'!$A$3:$B$15,2,FALSE),DAY(K61)) -> 46118 | M61: 3
A62: CAP/SW/54 | B62: 46087 | C62: SHEKHAR | D62: AARAV | E62: 8744080525 | F62: ='Membership Level'!A12 -> Swimming Moth | G62: MONTHLY | H62: 3500 | I62: 3500 | J62: =H62-I62 -> 0 | K62: 46087 | L62: =DATE(YEAR(K62),MONTH(K62)+VLOOKUP($F62,'Membership Level'!$A$3:$B$15,2,FALSE),DAY(K62)) -> 46118 | M62: 3
A63: CAP/SW/55 | B63: 46087 | D63: ANANT | E63: 7323880917 | F63: ='Membership Level'!A12 -> Swimming Moth | G63: MONTHLY | H63: 3500 | I63: 3500 | J63: =H63-I63 -> 0 | K63: 46087 | L63: =DATE(YEAR(K63),MONTH(K63)+VLOOKUP($F63,'Membership Level'!$A$3:$B$15,2,FALSE),DAY(K63)) -> 46118 | M63: 3
A64: CAP/SW/56 | B64: 46087 | D64: NIKHIL | E64: 7323880917 | F64: ='Membership Level'!A12 -> Swimming Moth | G64: MONTHLY | H64: 3500 | I64: 3500 | J64: =H64-I64 -> 0 | K64: 46087 | L64: =DATE(YEAR(K64),MONTH(K64)+VLOOKUP($F64,'Membership Level'!$A$3:$B$15,2,FALSE),DAY(K64)) -> 46118 | M64: 3
A65: CAP/SW/57 | B65: 46087 | D65: ANIKA | E65: 7323880917 | F65: ='Membership Level'!A12 -> Swimming Moth | G65: MONTHLY | H65: 3500 | I65: 3500 | J65: =H65-I65 -> 0 | K65: 46087 | L65: =DATE(YEAR(K65),MONTH(K65)+VLOOKUP($F65,'Membership Level'!$A$3:$B$15,2,FALSE),DAY(K65)) -> 46118 | M65: 3
A66: CAP/SW/58 | B66: 46087 | D66: GAURAV | E66: 9102999992 | F66: ='Membership Level'!A12 -> Swimming Moth | G66: MONTHLY | H66: 3300 | I66: 3300 | J66: =H66-I66 -> 0 | K66: 46087 | L66: =DATE(YEAR(K66),MONTH(K66)+VLOOKUP($F66,'Membership Level'!$A$3:$B$15,2,FALSE),DAY(K66)) -> 46118 | M66: 3
A67: CAP/SW/59 | B67: 46087 | C67: KUMAR | D67: MOHIT | E67: 7970443777 | F67: ='Membership Level'!A12 -> Swimming Moth | G67: MONTHLY | H67: 3300 | I67: 3300 | J67: =H67-I67 -> 0 | K67: 46118 | L67: =DATE(YEAR(K67),MONTH(K67)+VLOOKUP($F67,'Membership Level'!$A$3:$B$15,2,FALSE),DAY(K67)) -> 46148 | M67: 3
A68: CAP/SW/60 | B68: 46087 | C68: KUMAR | D68: SHUBHAM | E68: 7004564340 | F68: ='Membership Level'!A12 -> Swimming Moth | G68: MONTHLY | H68: 3300 | I68: 3300 | J68: =H68-I68 -> 0 | K68: 46148 | L68: =DATE(YEAR(K68),MONTH(K68)+VLOOKUP($F68,'Membership Level'!$A$3:$B$15,2,FALSE),DAY(K68)) -> 46179 | M68: 3
A69: CAP/SW/61 | B69: 46087 | C69: RAJ | D69: RITU | E69: 9631559349 | F69: ='Membership Level'!A12 -> Swimming Moth | G69: MONTHLY (2 DAY ) | H69: 2500 | I69: 2500 | J69: =H69-I69 -> 0 | K69: 46087 | L69: =DATE(YEAR(K69),MONTH(K69)+VLOOKUP($F69,'Membership Level'!$A$3:$B$15,2,FALSE),DAY(K69)) -> 46118 | M69: 3
A70: CAP/SW/62 | B70: 46088 | C70: VISHAL | D70: VANSHIKA | E70: 9162484875 | F70: ='Membership Level'!A12 -> Swimming Moth | G70: MONTHLY (KID ) | H70: 3500 | I70: 3500 | J70: =H70-I70 -> 0 | K70: 46088 | L70: =DATE(YEAR(K70),MONTH(K70)+VLOOKUP($F70,'Membership Level'!$A$3:$B$15,2,FALSE),DAY(K70)) -> 46119 | M70: 3
A71: CAP/SW/63 | B71: 46088 | C71: SHARMA | D71: STUTI | E71: 7007119033 | F71: ='Membership Level'!A12 -> Swimming Moth | G71: MONTHLY (KID ) | H71: 3500 | I71: 3500 | K71: 46088 | L71: =DATE(YEAR(K71),MONTH(K71)+VLOOKUP($F71,'Membership Level'!$A$3:$B$15,2,FALSE),DAY(K71)) -> 46119 | M71: 3
A72: CAP/SW/64 | B72: 46088 | C72: DUBEY | D72: AMRITANSHU | E72: 7857808766 | F72: ='Membership Level'!A12 -> Swimming Moth | G72: MONTHLY | H72: 4000 | I72: 500 | J72: =H72-I72 -> 3500 | K72: 46088 | L72: =DATE(YEAR(K72),MONTH(K72)+VLOOKUP($F72,'Membership Level'!$A$3:$B$15,2,FALSE),DAY(K72)) -> 46119 | M72: 3
A73: CAP/SW/65 | B73: 46088 | C73: KUMAR | D73: AYANSH | E73: 8744080525 | F73: ='Membership Level'!A12 -> Swimming Moth | G73: MONTHLY | H73: 4000 | I73: 4000 | J73: =H73-I73 -> 0 | K73: 46088 | L73: =DATE(YEAR(K73),MONTH(K73)+VLOOKUP($F73,'Membership Level'!$A$3:$B$15,2,FALSE),DAY(K73)) -> 46119 | M73: 3
A74: CAP/SW/66 | B74: 46088 | D74: DR.BHAVYA | E74: 9995269775 | F74: ='Membership Level'!A12 -> Swimming Moth | G74: MONTHLY (2 DAY ) | H74: 2500 | I74: 2500 | J74: =H74-I74 -> 0 | K74: 46119 | L74: =DATE(YEAR(K74),MONTH(K74)+VLOOKUP($F74,'Membership Level'!$A$3:$B$15,2,FALSE),DAY(K74)) -> 46149 | M74: 3
A75: CAP/SW/67 | B75: 46088 | D75: BHAJYAMANI | E75: 7070944008 | F75: ='Membership Level'!A12 -> Swimming Moth | G75: MONTHLY (2 DAY ) | H75: 2500 | I75: 2500 | J75: =H75-I75 -> 0 | K75: 46088 | L75: =DATE(YEAR(K75),MONTH(K75)+VLOOKUP($F75,'Membership Level'!$A$3:$B$15,2,FALSE),DAY(K75)) -> 46119 | M75: 3
A76: CAP/SW/68 | B76: 46088 | C76: KUMAR | D76: ANUBHAV | E76: 8210045637 | F76: ='Membership Level'!A12 -> Swimming Moth | G76: MONTHLY (KID ) | H76: 3500 | I76: 3500 | J76: =H76-I76 -> 0 | K76: 46091 | L76: =DATE(YEAR(K76),MONTH(K76)+VLOOKUP($F76,'Membership Level'!$A$3:$B$15,2,FALSE),DAY(K76)) -> 46122 | M76: 3
A77: CAP/SW/69 | B77: 46088 | C77: SHRAVYA | D77: SHRAVYA | E77: 9041896799 | F77: ='Membership Level'!A12 -> Swimming Moth | G77: MONTHLY (KID) | H77: 7500 | I77: 7500 | J77: =H77-I77 -> 0 | K77: 46143 | L77: 46235 | M77: 3
A78: CAP/SW/70 | B78: 46088 | C78: CHAUDHARY | D78: DR. NEHA | E78: 9041896799 | F78: ='Membership Level'!A12 -> Swimming Moth | G78: MONTHLY (3 DAY ) | H78: 3000 | I78: 3000 | J78: =H78-I78 -> 0 | K78: 46091 | L78: =DATE(YEAR(K78),MONTH(K78)+VLOOKUP($F78,'Membership Level'!$A$3:$B$15,2,FALSE),DAY(K78)) -> 46122 | M78: 3
A79: CAP/SW/71 | B79: 46089 | D79: JAHNAV | E79: 9471755366 | F79: ='Membership Level'!A12 -> Swimming Moth | G79: MONTHLY | H79: 4000 | I79: 4000 | J79: =H79-I79 -> 0 | K79: 46089 | L79: =DATE(YEAR(K79),MONTH(K79)+VLOOKUP($F79,'Membership Level'!$A$3:$B$15,2,FALSE),DAY(K79)) -> 46120 | M79: 3
A80: CAP/SW/72 | B80: 46089 | C80: PRATAP | D80: PUNJA | E80: 7677002020 | F80: ='Membership Level'!A12 -> Swimming Moth | G80: MONTHLY (KID) | H80: 3800 | I80: 3800 | J80: =H80-I80 -> 0 | K80: 46089 | L80: =DATE(YEAR(K80),MONTH(K80)+VLOOKUP($F80,'Membership Level'!$A$3:$B$15,2,FALSE),DAY(K80)) -> 46120 | M80: 3
A81: CAP/SW/73 | B81: 46089 | C81: SOURAV | D81: AWANTIKA | E81: 8984652430 | F81: ='Membership Level'!A12 -> Swimming Moth | G81: MONTHLY (KID) | H81: 3500 | I81: 3500 | J81: =H81-I81 -> 0 | K81: 46089 | L81: =DATE(YEAR(K81),MONTH(K81)+VLOOKUP($F81,'Membership Level'!$A$3:$B$15,2,FALSE),DAY(K81)) -> 46120
A82: CAP/SW/74 | B82: 46089 | C82: SOURAV | D82: AAROHI | E82: 8984652430 | F82: ='Membership Level'!A12 -> Swimming Moth | G82: MONTHLY (KID) | H82: 3500 | I82: 3500 | J82: =H82-I82 -> 0 | K82: 46089 | L82: =DATE(YEAR(K82),MONTH(K82)+VLOOKUP($F82,'Membership Level'!$A$3:$B$15,2,FALSE),DAY(K82)) -> 46120
A83: CAP/SW/75 | B83: 46089 | C83: UPADHYAY | D83: KSHITIZ | E83: 8292538939 | F83: ='Membership Level'!A12 -> Swimming Moth | G83: MONTHLY | H83: 4000 | I83: 4000 | J83: =H83-I83 -> 0 | K83: 46089 | L83: =DATE(YEAR(K83),MONTH(K83)+VLOOKUP($F83,'Membership Level'!$A$3:$B$15,2,FALSE),DAY(K83)) -> 46120 | M83: 3
A84: CAP/SW/76 | B84: 46089 | C84: SINGH | D84: ABHINAV | E84: 6297889256 | F84: ='Membership Level'!A12 -> Swimming Moth | G84: MONTHLY | H84: 4400 | I84: 4400 | J84: =H84-I84 -> 0 | K84: 46092 | L84: =DATE(YEAR(K84),MONTH(K84)+VLOOKUP($F84,'Membership Level'!$A$3:$B$15,2,FALSE),DAY(K84)) -> 46123 | M84: 3
A85: CAP/SW/77 | B85: 46089 | C85: ARYA | D85: PRANJAL | E85: 7488854325 | F85: ='Membership Level'!A12 -> Swimming Moth | G85: MONTHLY | H85: 4000 | I85: 4000 | J85: =H85-I85 -> 0 | K85: 46150 | L85: =DATE(YEAR(K85),MONTH(K85)+VLOOKUP($F85,'Membership Level'!$A$3:$B$15,2,FALSE),DAY(K85)) -> 46181 | M85: 3
A86: CAP/SW/78 | B86: 46089 | C86: PUNJ | D86: AVIRAL | E86: 9934741205 | F86: ='Membership Level'!A12 -> Swimming Moth | G86: MONTHLY (2 DAY ) | H86: 2000 | I86: 2000 | J86: =H86-I86 -> 0 | K86: 46089 | L86: =DATE(YEAR(K86),MONTH(K86)+VLOOKUP($F86,'Membership Level'!$A$3:$B$15,2,FALSE),DAY(K86)) -> 46120 | M86: 3
A87: CAP/SW/79 | B87: 46089 | C87: DEEP | D87: KUSHAGRA | E87: 9934741205 | F87: ='Membership Level'!A12 -> Swimming Moth | G87: MONTHLY ( 2 DAY ) | H87: 2000 | I87: 2000 | J87: =H87-I87 -> 0 | K87: 46089 | L87: =DATE(YEAR(K87),MONTH(K87)+VLOOKUP($F87,'Membership Level'!$A$3:$B$15,2,FALSE),DAY(K87)) -> 46120 | M87: 3
M88: 3
A89: CAP/SW/81 | B89: 46089 | C89: ANAND | D89: SHRESTH | E89: 8521449046 | F89: ='Membership Level'!A12 -> Swimming Moth | G89: MONTHLY (KID) | H89: 3500 | I89: 3500 | J89: =H89-I89 -> 0 | K89: 46089 | L89: =DATE(YEAR(K89),MONTH(K89)+VLOOKUP($F89,'Membership Level'!$A$3:$B$15,2,FALSE),DAY(K89)) -> 46120 | M89: 3
A90: CAP/SW/82 | B90: 46089 | C90: SHARMA | D90: ANIKA | E90: 7903206658 | F90: ='Membership Level'!A12 -> Swimming Moth | G90: MONTHLY (3DAY ) | H90: 3000 | I90: 3000 | J90: =H90-I90 -> 0 | K90: 46089 | L90: =DATE(YEAR(K90),MONTH(K90)+VLOOKUP($F90,'Membership Level'!$A$3:$B$15,2,FALSE),DAY(K90)) -> 46120 | M90: 3
A91: CAP/SW/83 | B91: 46089 | C91: PRASHOON | D91: ANISH | E91: 7970615211 | F91: ='Membership Level'!A12 -> Swimming Moth | G91: MONTHLY | H91: 4000 | I91: 4000 | J91: =H91-I91 -> 0 | K91: 46120 | L91: =DATE(YEAR(K91),MONTH(K91)+VLOOKUP($F91,'Membership Level'!$A$3:$B$15,2,FALSE),DAY(K91)) -> 46150 | M91: 3
A92: CAP/SW/84 | B92: 46089 | C92: PRASHOON | D92: AAHANA | E92: 7970615211 | F92: ='Membership Level'!A12 -> Swimming Moth | G92: MONTHLY | H92: 4000 | I92: 4000 | J92: =H92-I92 -> 0 | K92: 46120 | L92: =DATE(YEAR(K92),MONTH(K92)+VLOOKUP($F92,'Membership Level'!$A$3:$B$15,2,FALSE),DAY(K92)) -> 46150 | M92: 3
A93: CAP/SW/85 | B93: 46089 | C93: SINGH | D93: VIKRANT | E93: 7970615211 | F93: ='Membership Level'!A12 -> Swimming Moth | G93: MONTHLY | H93: 4000 | I93: 4000 | J93: =H93-I93 -> 0 | K93: 46089 | L93: =DATE(YEAR(K93),MONTH(K93)+VLOOKUP($F93,'Membership Level'!$A$3:$B$15,2,FALSE),DAY(K93)) -> 46120 | M93: 3
A94: CAP/SW/86 | B94: 46089 | C94: KUMAR | D94: ARNAV | E94: 9430281401 | F94: ='Membership Level'!A12 -> Swimming Moth | G94: MONTHLY (KID) | H94: 3500 | I94: 3500 | J94: =H94-I94 -> 0 | K94: 46089 | L94: =DATE(YEAR(K94),MONTH(K94)+VLOOKUP($F94,'Membership Level'!$A$3:$B$15,2,FALSE),DAY(K94)) -> 46120 | M94: 3
A95: CAP/SW/87 | B95: 46089 | C95: SHARMA | D95: YASHANSH | E95: 9523052805 | F95: ='Membership Level'!A12 -> Swimming Moth | G95: MONTHLY (KID) | H95: 3500 | I95: 3500 | J95: =H95-I95 -> 0 | K95: 46089 | L95: =DATE(YEAR(K95),MONTH(K95)+VLOOKUP($F95,'Membership Level'!$A$3:$B$15,2,FALSE),DAY(K95)) -> 46120 | M95: 3
A96: CAP/SW/88 | B96: 46091 | C96: SANGAM | D96: SUMAN | E96: 7808122788 | F96: ='Membership Level'!A12 -> Swimming Moth | G96: MONTHLY | H96: 4000 | I96: 4000 | J96: =H96-I96 -> 0 | K96: 46122 | L96: =DATE(YEAR(K96),MONTH(K96)+VLOOKUP($F96,'Membership Level'!$A$3:$B$15,2,FALSE),DAY(K96)) -> 46152 | M96: 3
A97: CAP/SW/89 | B97: 46091 | C97: SAURAV | D97: KUMAR | E97: 9798710022 | F97: ='Membership Level'!A12 -> Swimming Moth | G97: MONTHLY | H97: 4000 | I97: 4000 | J97: =H97-I97 -> 0 | K97: 46122 | L97: =DATE(YEAR(K97),MONTH(K97)+VLOOKUP($F97,'Membership Level'!$A$3:$B$15,2,FALSE),DAY(K97)) -> 46152 | M97: 3
M98: 3
M99: 3
A100: CAP/SW/92 | B100: 46091 | C100: KUMAR | D100: JATAN | E100: 7091140274 | F100: ='Membership Level'!A12 -> Swimming Moth | G100: MONTHLY | H100: 4400 | I100: 4400 | J100: =H100-I100 -> 0 | K100: 46091 | L100: =DATE(YEAR(K100),MONTH(K100)+VLOOKUP($F100,'Membership Level'!$A$3:$B$15,2,FALSE),DAY(K100)) -> 46122 | M100: 3
A101: CAP/SW/93 | B101: 46091 | C101: VIHAN | D101: VISHABH | E101: 7782924395 | F101: ='Membership Level'!A12 -> Swimming Moth | G101: MONTHLY (KID) | H101: 3800 | I101: 3800 | J101: =H101-I101 -> 0 | K101: 46091 | L101: =DATE(YEAR(K101),MONTH(K101)+VLOOKUP($F101,'Membership Level'!$A$3:$B$15,2,FALSE),DAY(K101)) -> 46122 | M101: 3
A102: CAP/SW/94 | B102: 46091 | D102: SHUBHAM | E102: 7632068933 | F102: ='Membership Level'!A13 -> Swimming Qty | G102: 3 MONTHLY (3 DAY ) | H102: 8500 | I102: 8500 | J102: =H102-I102 -> 0 | K102: 46091 | L102: =DATE(YEAR(K102),MONTH(K102)+VLOOKUP($F102,'Membership Level'!$A$3:$B$15,2,FALSE),DAY(K102)) -> 46183 | M102: 3
A103: CAP/SW/95 | B103: 46091 | C103: YADAV | D103: ASHISH KUMAR | E103: 8083007509 | F103: ='Membership Level'!A13 -> Swimming Qty | G103: 3 MONTHLY(3 DAY) | H103: 8500 | I103: 8500 | J103: =H103-I103 -> 0 | K103: 46091 | L103: =DATE(YEAR(K103),MONTH(K103)+VLOOKUP($F103,'Membership Level'!$A$3:$B$15,2,FALSE),DAY(K103)) -> 46183 | M103: 3
A104: CAP/SW/96 | B104: 46091 | C104: ANAND | D104: SOBBHNA | E104: 9708324585 | F104: ='Membership Level'!A12 -> Swimming Moth | G104: MONTHLY (KID ) | H104: 3500 | I104: 3500 | J104: =H104-I104 -> 0 | K104: 46091 | L104: =DATE(YEAR(K104),MONTH(K104)+VLOOKUP($F104,'Membership Level'!$A$3:$B$15,2,FALSE),DAY(K104)) -> 46122 | M104: 3
...

Sheet Sheet4
A1: 3800 | B1: 3800
A2: 10600 | B2: 10600
A3: 4400+1000 | B3: 5400
A4: 11500 (3500 DUES ) | B4: 8000
A5: 2500 | B5: 2500
A6: 2500 | B6: 2500
A7: 2500 | B7: 2500
A8: 3500 | B8: 3500
A9: 3500 | B9: 3500
A10: 2800 | B10: 2800
A11: 2800 | B11: 2800
A12: 2800 | B12: 2800
A13: 2500+1000 | B13: 3500
A14: 2200 | B14: 2200
A15: 4400+1000 | B15: 5400
A16: 3300 | B16: 3300
A17: 2800 | B17: 2800
A18: 3800+1000 | B18: 4800
A19: 2800 | B19: 2800
A20: 250 | B20: 250
A21: 2800+1000 | B21: 3800
A22: 400 | B22: 400
A23: 3800+1000 | B23: 4800
A24: 3800 | B24: 3800
A25: 4400+1000 | B25: 5400
A26: 1000 | B26: 1000
A27: 1000 | B27: 1000
A28: 8000 | B28: 8000
A29: 8000 | B29: 8000
A30: 8000 | B30: 8000
A31: 4000 | B31: 4000
A32: 4400+1000 | B32: 5400
A33: 3500 | B33: 3500
A34: 2800 | B34: 2800
A35: 4000+1000 | B35: 5000
A36: 4000+1000 | B36: 5000
A37: 3500+1000 | B37: 4500
A38: 3500+1000 | B38: 4500
A39: 3500 | B39: 3500
A40: 3300 | B40: 3300
A41: 3500+1000 | B41: 4500
A42: 2800 | B42: 2800
A43: 2500+1000 | B43: 3500
A44: 3500 | B44: 3500
A45: 3500 | B45: 3500
A46: 4000+1000 | B46: 5000
A47: 2500+1000 | B47: 3500
A48: 1800 | B48: 1800 | J48: 800
A49: 2200+1000 | B49: 3200 | J49: 75
A50: 3800+1000 | B50: 4800 | J50: 1600
A51: 3500+1000 | B51: 4500 | J51: 140
A52: 3800+1000 | B52: 4800 | J52: =SUM(J48:J51) -> 2615
A53: 4000 | B53: 4000
A54: 4400+1000 | B54: 5400
A55: 3500 | B55: 3500
B56: =SUM(B1:B55) -> 219750 | E56: 222365
B57: 2615 | E57: =E56-8500 -> 213865
B58: 200
B59: 400
B60: 400
B61: 400
B62: 200
B63: =SUM(B58:B62) -> 1600
B64: =B56-8500 -> 211250

Sheet Sheet3
A1: 2500 | B1: 2500 | D1: 2500
A2: 2500+1000 | B2: 3500 | E2: 3500
A3: 3500+1000 | B3: 4500 | C3: 4500
A4: 3500+1000 | B4: 4500 | C4: 4500
A5: 350 | B5: 350 | D5: 350
A6: 1000 | B6: 1000 | D6: 1000
A7: 1000 | B7: 1000 | D7: 1000
A8: 1000 | B8: 1000 | D8: 1000
A9: 2500+1000 | B9: 3500 | C9: 3500
A10: 1000 | B10: 1000 | D10: 1350
A11: 1000 | B11: 1000 | D11: 1350
A12: 700 | B12: 700
A13: 350 | B13: 350 | D13: 350
A14: 4400 | B14: 4400 | C14: 4400
A15: 3800+1000 | B15: 4800 | D15: 4800
A16: 3500 | B16: 3500 | D16: 3500
A17: 1800+1000 | B17: 2800 | D17: 2800
A18: 1800+1000 | B18: 2800 | D18: 2800
A19: 2200 | B19: 2200 | D19: 2200
A20: 2500+1000 | B20: 3500 | D20: 3500
A21: 3800 | B21: 3800 | C21: 3800
A22: 5000 | B22: 5000 | E22: 5000 | L22: =40000+1630 -> 41630
A23: 3500 | B23: 3500 | C23: 3500
A24: 3500 | B24: 3500 | C24: 3500
A25: 3500 | B25: 3500 | C25: 3500
A26: 3500 | B26: 0 | E26: 345
A27: 3500 | B27: 3500 | D27: 3500
A28: 3500 | B28: 3500 | E28: 3500 | L28: =104497-41630 -> 62867
A29: 2800 | B29: 2800 | C29: 2800
A30: 3800 | B30: 3800 | D30: 3800 | E30: 0
A31: 5000 | B31: 5000 | D31: 1200 | E31: 5000
A32: 4000+1000 | B32: 5000 | D32: 152 | E32: 5000
B33: =SUM(B1:B32) -> 91800 | C33: =SUM(C1:C32) -> 34000 | D33: =SUM(D1:D32) -> 37152 | E33: =SUM(E1:E32) -> 22345 | G33: =D33+E33 -> 59497 | H33: =C33+D33+E33 -> 93497

Sheet Sheet1
A1: ZUMBA (2026)
A2: START DATE | B2: NAME | C2: MONTH | D2: EXPIRY | E2: CONTACT NO.
A3: 46060 | B3: POOJA YADAV | D3: 46088 | E3: 8210573106
A4: 46065 | B4: ARCHANA KUMARI | C4: 2 MONTHS (500 RETURN) | D4: 46124 | E4: 8544259646
A5: 46063 | B5: AYUSHI | C5: 3 MONTHS | D5: 46152 | E5: 9431430316
A6: 46057 | B6: NAMITA SINGH | D6: 46085 | E6: 9456011198
A7: 46063 | B7: NEELAM | D7: 46091 | E7: 9334384785
A8: 46057 | B8: RESHMA | D8: 46085 | E8: 7549727560
A9: 46064 | B9: SWATI | C9: 3 MONTHS | D9: 46153 | E9: 7782925800
A10: 46074 | B10: SWETA | D10: 46102 | E10: 9939082903

Sheet Sheet2

Sheet CRICKET NIRANJAN
B2: Club Membership Database | G2: CRICKET
N3: =35-22 -> 13
A7: Contact Information | F7: Membership | L7: Notice term
A8: Last Name | B8: First Name | C8: Address | D8: Email | E8: Phone | F8: Level | G8: Membership Fees | H8: Fees Paid | I8: Fees Due | J8: Start | K8: Expiration | L8: Days | M8: Month | N8: Termination Notice | O8: Days To Expiration | P8: Pending Fee Notice | Q8: Notes
N9: =IF($K9<>0,DATE(YEAR($K9),MONTH($K9)-$M9,DAY($K9)-$L9),"") | O9: =IF(DAYS360(NOW(), $K9) >= 0, DAYS360(NOW(), $K9), "")
A10: PATEL | B10: TEJASH | F10: ='Membership Level'!A3 -> Cricket Month | G10: 2000 | H10: 2000 | J10: 45690 | K10: =DATE(YEAR(J10),MONTH(J10)+VLOOKUP($F10,'Membership Level'!$A$3:$B$10,2,FALSE),DAY(J10)) -> 45718 | L10: 3 | M10: 0 | N10: =IF($K10<>0,DATE(YEAR($K10),MONTH($K10)-$M10,DAY($K10)-$L10),"") -> 45715 | O10: =IF(DAYS360(NOW(), $K10) >= 0, DAYS360(NOW(), $K10), "") | P10: =H10/G10*VLOOKUP(F10,'Membership Level'!$A$3:$C$10,3,FALSE)+J10 -> 45720 | Q10: DUES | R10: 44428 | T10: =5300/3 -> 1766.6667 | U10: 1 MONTH
A11: SINGH | B11: AYUSH | F11: ='Membership Level'!A3 -> Cricket Month | G11: 2000 | H11: 2000 | J11: 45732 | K11: =DATE(YEAR(J11),MONTH(J11)+VLOOKUP($F11,'Membership Level'!$A$3:$B$10,2,FALSE),DAY(J11)) -> 45763 | L11: 3 | M11: 0 | N11: =IF($K11<>0,DATE(YEAR($K11),MONTH($K11)-$M11,DAY($K11)-$L11),"") -> 45760 | O11: =IF(DAYS360(NOW(), $K11) >= 0, DAYS360(NOW(), $K11), "") | P11: =H11/G11*VLOOKUP(F11,'Membership Level'!$A$3:$C$10,3,FALSE)+J11 -> 45762 | Q11: 44754 | T11: 4250
A12: RANJAN | B12: MOURYA | F12: ='Membership Level'!A3 -> Cricket Month | G12: 2000 | H12: 2000 | J12: 45706 | K12: =DATE(YEAR(J12),MONTH(J12)+VLOOKUP($F12,'Membership Level'!$A$3:$B$10,2,FALSE),DAY(J12)) -> 45734 | L12: 3 | M12: 0 | N12: =IF($K12<>0,DATE(YEAR($K12),MONTH($K12)-$M12,DAY($K12)-$L12),"") -> 45731 | O12: =IF(DAYS360(NOW(), $K12) >= 0, DAYS360(NOW(), $K12), "") | P12: =H12/G12*VLOOKUP(F12,'Membership Level'!$A$3:$C$10,3,FALSE)+J12 -> 45736 | Q12: DUES | T12: 2500
A13: SINGH | B13: ABHIMAN | F13: ='Membership Level'!A3 -> Cricket Month | G13: 2000 | H13: 1000 | J13: 45675 | K13: =DATE(YEAR(J13),MONTH(J13)+VLOOKUP($F13,'Membership Level'!$A$3:$B$10,2,FALSE),DAY(J13)) -> 45706 | L13: 3 | M13: 0 | N13: =IF($K13<>0,DATE(YEAR($K13),MONTH($K13)-$M13,DAY($K13)-$L13),"") -> 45703 | O13: =IF(DAYS360(NOW(), $K13) >= 0, DAYS360(NOW(), $K13), "") | P13: =H13/G13*VLOOKUP(F13,'Membership Level'!$A$3:$C$10,3,FALSE)+J13 -> 45690 | T13: 2000 | V13: =3400+850 -> 4250
K14: =DATE(YEAR(J14),MONTH(J14)+VLOOKUP($F14,'Membership Level'!$A$3:$B$10,2,FALSE),DAY(J14)) -> #N/A | L14: 3 | M14: 0 | N14: =IF($K14<>0,DATE(YEAR($K14),MONTH($K14)-$M14,DAY($K14)-$L14),"") -> #N/A | O14: =IF(DAYS360(NOW(), $K14) >= 0, DAYS360(NOW(), $K14), "") -> #N/A | P14: =H14/G14*VLOOKUP(F14,'Membership Level'!$A$3:$C$10,3,FALSE)+J14 -> #DIV/0! | R14: 1-3 TO BE COUNTINEW | T14: 3750
K15: =DATE(YEAR(J15),MONTH(J15)+VLOOKUP($F15,'Membership Level'!$A$3:$B$10,2,FALSE),DAY(J15)) -> #N/A | L15: 3 | M15: 0 | N15: =IF($K15<>0,DATE(YEAR($K15),MONTH($K15)-$M15,DAY($K15)-$L15),"") -> #N/A | O15: =IF(DAYS360(NOW(), $K15) >= 0, DAYS360(NOW(), $K15), "") -> #N/A | P15: =H15/G15*VLOOKUP(F15,'Membership Level'!$A$3:$C$10,3,FALSE)+J15 -> #DIV/0!
K16: =DATE(YEAR(J16),MONTH(J16)+VLOOKUP($F16,'Membership Level'!$A$3:$B$10,2,FALSE),DAY(J16)) -> #N/A | L16: 3 | M16: 0 | N16: =IF($K16<>0,DATE(YEAR($K16),MONTH($K16)-$M16,DAY($K16)-$L16),"") -> #N/A | O16: =IF(DAYS360(NOW(), $K16) >= 0, DAYS360(NOW(), $K16), "") -> #N/A | P16: =H16/G16*VLOOKUP(F16,'Membership Level'!$A$3:$C$10,3,FALSE)+J16 -> #DIV/0! | Q16: DUES
K17: =DATE(YEAR(J17),MONTH(J17)+VLOOKUP($F17,'Membership Level'!$A$3:$B$10,2,FALSE),DAY(J17)) -> #N/A | L17: 3 | M17: 0 | N17: =IF($K17<>0,DATE(YEAR($K17),MONTH($K17)-$M17,DAY($K17)-$L17),"") -> #N/A | O17: =IF(DAYS360(NOW(), $K17) >= 0, DAYS360(NOW(), $K17), "") -> #N/A | P17: =H17/G17*VLOOKUP(F17,'Membership Level'!$A$3:$C$10,3,FALSE)+J17 -> #DIV/0! | Q17: DUES
K18: =DATE(YEAR(J18),MONTH(J18)+VLOOKUP($F18,'Membership Level'!$A$3:$B$10,2,FALSE),DAY(J18)) -> #N/A | L18: 3 | M18: 0 | N18: =IF($K18<>0,DATE(YEAR($K18),MONTH($K18)-$M18,DAY($K18)-$L18),"") -> #N/A | O18: =IF(DAYS360(NOW(), $K18) >= 0, DAYS360(NOW(), $K18), "") -> #N/A | P18: =H18/G18*VLOOKUP(F18,'Membership Level'!$A$3:$C$10,3,FALSE)+J18 -> #DIV/0! | Q18: DUES | T18: 2500
K19: =DATE(YEAR(J19),MONTH(J19)+VLOOKUP($F19,'Membership Level'!$A$3:$B$10,2,FALSE),DAY(J19)) -> #N/A | L19: 3 | M19: 0 | N19: =IF($K19<>0,DATE(YEAR($K19),MONTH($K19)-$M19,DAY($K19)-$L19),"") -> #N/A | O19: =IF(DAYS360(NOW(), $K19) >= 0, DAYS360(NOW(), $K19), "") -> #N/A | P19: =H19/G19*VLOOKUP(F19,'Membership Level'!$A$3:$C$10,3,FALSE)+J19 -> #DIV/0! | Q19: N/A
K20: =DATE(YEAR(J20),MONTH(J20)+VLOOKUP($F20,'Membership Level'!$A$3:$B$10,2,FALSE),DAY(J20)) -> #N/A | L20: 3 | M20: 0 | N20: =IF($K20<>0,DATE(YEAR($K20),MONTH($K20)-$M20,DAY($K20)-$L20),"") -> #N/A | O20: =IF(DAYS360(NOW(), $K20) >= 0, DAYS360(NOW(), $K20), "") -> #N/A | P20: =H20/G20*VLOOKUP(F20,'Membership Level'!$A$3:$C$10,3,FALSE)+J20 -> #DIV/0!
K21: =DATE(YEAR(J21),MONTH(J21)+VLOOKUP($F21,'Membership Level'!$A$3:$B$10,2,FALSE),DAY(J21)) -> #N/A | L21: 3 | M21: 0 | N21: =IF($K21<>0,DATE(YEAR($K21),MONTH($K21)-$M21,DAY($K21)-$L21),"") -> #N/A | O21: =IF(DAYS360(NOW(), $K21) >= 0, DAYS360(NOW(), $K21), "") -> #N/A | P21: =H21/G21*VLOOKUP(F21,'Membership Level'!$A$3:$C$10,3,FALSE)+J21 -> #DIV/0! | Q21: SEP-9,OCT-15,NOV-12 DAYS | T21: 4500
K22: =DATE(YEAR(J22),MONTH(J22)+VLOOKUP($F22,'Membership Level'!$A$3:$B$10,2,FALSE),DAY(J22)) -> #N/A | L22: 3 | M22: 0 | N22: =IF($K22<>0,DATE(YEAR($K22),MONTH($K22)-$M22,DAY($K22)-$L22),"") -> #N/A | O22: =IF(DAYS360(NOW(), $K22) >= 0, DAYS360(NOW(), $K22), "") -> #N/A | P22: =H22/G22*VLOOKUP(F22,'Membership Level'!$A$3:$C$10,3,FALSE)+J22 -> #DIV/0! | Q22: DUES | R22: 44423 | T22: 2500
K23: =DATE(YEAR(J23),MONTH(J23)+VLOOKUP($F23,'Membership Level'!$A$3:$B$10,2,FALSE),DAY(J23)) -> #N/A | L23: 3 | M23: 0 | N23: =IF($K23<>0,DATE(YEAR($K23),MONTH($K23)-$M23,DAY($K23)-$L23),"") -> #N/A | O23: =IF(DAYS360(NOW(), $K23) >= 0, DAYS360(NOW(), $K23), "") -> #N/A | P23: =H23/G23*VLOOKUP(F23,'Membership Level'!$A$3:$C$10,3,FALSE)+J23 -> #DIV/0!
K24: =DATE(YEAR(J24),MONTH(J24)+VLOOKUP($F24,'Membership Level'!$A$3:$B$10,2,FALSE),DAY(J24)) -> #N/A | L24: 3 | M24: 0 | N24: =IF($K24<>0,DATE(YEAR($K24),MONTH($K24)-$M24,DAY($K24)-$L24),"") -> #N/A | O24: =IF(DAYS360(NOW(), $K24) >= 0, DAYS360(NOW(), $K24), "") -> #N/A | P24: =H24/G24*VLOOKUP(F24,'Membership Level'!$A$3:$C$10,3,FALSE)+J24 -> #DIV/0! | R24: 44448
K25: =DATE(YEAR(J25),MONTH(J25)+VLOOKUP($F25,'Membership Level'!$A$3:$B$10,2,FALSE),DAY(J25)) -> #N/A | L25: 3 | M25: 0 | N25: =IF($K25<>0,DATE(YEAR($K25),MONTH($K25)-$M25,DAY($K25)-$L25),"") -> #N/A | O25: =IF(DAYS360(NOW(), $K25) >= 0, DAYS360(NOW(), $K25), "") -> #N/A | P25: =H25/G25*VLOOKUP(F25,'Membership Level'!$A$3:$C$10,3,FALSE)+J25 -> #DIV/0!
K26: =DATE(YEAR(J26),MONTH(J26)+VLOOKUP($F26,'Membership Level'!$A$3:$B$10,2,FALSE),DAY(J26)) -> #N/A | L26: 3 | M26: 0 | N26: =IF($K26<>0,DATE(YEAR($K26),MONTH($K26)-$M26,DAY($K26)-$L26),"") -> #N/A | O26: =IF(DAYS360(NOW(), $K26) >= 0, DAYS360(NOW(), $K26), "") -> #N/A | P26: =H26/G26*VLOOKUP(F26,'Membership Level'!$A$3:$C$10,3,FALSE)+J26 -> #DIV/0! | Q26: MAZER ACEDENT
K27: =DATE(YEAR(J27),MONTH(J27)+VLOOKUP($F27,'Membership Level'!$A$3:$B$10,2,FALSE),DAY(J27)) -> #N/A | L27: 3 | M27: 0 | N27: =IF($K27<>0,DATE(YEAR($K27),MONTH($K27)-$M27,DAY($K27)-$L27),"") -> #N/A | O27: =IF(DAYS360(NOW(), $K27) >= 0, DAYS360(NOW(), $K27), "") -> #N/A | P27: =H27/G27*VLOOKUP(F27,'Membership Level'!$A$3:$C$10,3,FALSE)+J27 -> #DIV/0!
K28: =DATE(YEAR(J28),MONTH(J28)+VLOOKUP($F28,'Membership Level'!$A$3:$B$10,2,FALSE),DAY(J28)) -> #N/A | L28: 3 | M28: 0 | N28: =IF($K28<>0,DATE(YEAR($K28),MONTH($K28)-$M28,DAY($K28)-$L28),"") -> #N/A | O28: =IF(DAYS360(NOW(), $K28) >= 0, DAYS360(NOW(), $K28), "") -> #N/A | P28: =H28/G28*VLOOKUP(F28,'Membership Level'!$A$3:$C$10,3,FALSE)+J28 -> #DIV/0! | Q28: DUES
K29: =DATE(YEAR(J29),MONTH(J29)+VLOOKUP($F29,'Membership Level'!$A$3:$B$10,2,FALSE),DAY(J29)) -> #N/A | L29: 3 | M29: 0 | N29: =IF($K29<>0,DATE(YEAR($K29),MONTH($K29)-$M29,DAY($K29)-$L29),"") -> #N/A | O29: =IF(DAYS360(NOW(), $K29) >= 0, DAYS360(NOW(), $K29), "") -> #N/A | P29: =H29/G29*VLOOKUP(F29,'Membership Level'!$A$3:$C$10,3,FALSE)+J29 -> #DIV/0! | Q29: SUNDAY/TUESDAY
K30: =DATE(YEAR(J30),MONTH(J30)+VLOOKUP($F30,'Membership Level'!$A$3:$B$10,2,FALSE),DAY(J30)) -> #N/A | L30: 3 | M30: 0 | N30: =IF($K30<>0,DATE(YEAR($K30),MONTH($K30)-$M30,DAY($K30)-$L30),"") -> #N/A | O30: =IF(DAYS360(NOW(), $K30) >= 0, DAYS360(NOW(), $K30), "") -> #N/A | P30: =H30/G30*VLOOKUP(F30,'Membership Level'!$A$3:$C$10,3,FALSE)+J30 -> #DIV/0! | Q30: 44752 | R30: 3000
K31: =DATE(YEAR(J31),MONTH(J31)+VLOOKUP($F31,'Membership Level'!$A$3:$B$10,2,FALSE),DAY(J31)) -> #N/A | L31: 3 | M31: 0 | N31: =IF($K31<>0,DATE(YEAR($K31),MONTH($K31)-$M31,DAY($K31)-$L31),"") -> #N/A | O31: =IF(DAYS360(NOW(), $K31) >= 0, DAYS360(NOW(), $K31), "") -> #N/A | P31: =H31/G31*VLOOKUP(F31,'Membership Level'!$A$3:$C$10,3,FALSE)+J31 -> #DIV/0! | Q31: NEXT WEEK | R31: 3 MONTH COVID EXT.(MAY+JUNE+FEB | S31: 3000
K32: =DATE(YEAR(J32),MONTH(J32)+VLOOKUP($F32,'Membership Level'!$A$3:$B$10,2,FALSE),DAY(J32)) -> #N/A | L32: 3 | M32: 0 | N32: =IF($K32<>0,DATE(YEAR($K32),MONTH($K32)-$M32,DAY($K32)-$L32),"") -> #N/A | O32: =IF(DAYS360(NOW(), $K32) >= 0, DAYS360(NOW(), $K32), "") -> #N/A | P32: =H32/G32*VLOOKUP(F32,'Membership Level'!$A$3:$C$10,3,FALSE)+J32 -> #DIV/0!
K33: =DATE(YEAR(J33),MONTH(J33)+VLOOKUP($F33,'Membership Level'!$A$3:$B$10,2,FALSE),DAY(J33)) -> #N/A | L33: 3 | M33: 0 | N33: =IF($K33<>0,DATE(YEAR($K33),MONTH($K33)-$M33,DAY($K33)-$L33),"") -> #N/A | O33: =IF(DAYS360(NOW(), $K33) >= 0, DAYS360(NOW(), $K33), "") -> #N/A | P33: =H33/G33*VLOOKUP(F33,'Membership Level'!$A$3:$C$10,3,FALSE)+J33 -> #DIV/0!
K34: =J34+90 -> 90 | L34: 3 | M34: 0 | N34: =IF($K34<>0,DATE(YEAR($K34),MONTH($K34)-$M34,DAY($K34)-$L34),"") -> 87 | O34: =IF(DAYS360(NOW(), $K34) >= 0, DAYS360(NOW(), $K34), "") | P34: =H34/G34*VLOOKUP(F34,'Membership Level'!$A$3:$C$10,3,FALSE)+J34 -> #DIV/0! | Q34: COMING WEEK
K35: =DATE(YEAR(J35),MONTH(J35)+VLOOKUP($F35,'Membership Level'!$A$3:$B$10,2,FALSE),DAY(J35)) -> #N/A | L35: 3 | M35: 0 | N35: =IF($K35<>0,DATE(YEAR($K35),MONTH($K35)-$M35,DAY($K35)-$L35),"") -> #N/A | O35: =IF(DAYS360(NOW(), $K35) >= 0, DAYS360(NOW(), $K35), "") -> #N/A | P35: =H35/G35*VLOOKUP(F35,'Membership Level'!$A$3:$C$10,3,FALSE)+J35 -> #DIV/0!
K36: =DATE(YEAR(J36),MONTH(J36)+VLOOKUP($F36,'Membership Level'!$A$3:$B$10,2,FALSE),DAY(J36)) -> #N/A | L36: 3 | M36: 0 | N36: =IF($K36<>0,DATE(YEAR($K36),MONTH($K36)-$M36,DAY($K36)-$L36),"") -> #N/A | O36: =IF(DAYS360(NOW(), $K36) >= 0, DAYS360(NOW(), $K36), "") -> #N/A | P36: =H36/G36*VLOOKUP(F36,'Membership Level'!$A$3:$C$10,3,FALSE)+J36 -> #DIV/0!
K37: =DATE(YEAR(J37),MONTH(J37)+VLOOKUP($F37,'Membership Level'!$A$3:$B$10,2,FALSE),DAY(J37)) -> #N/A | L37: 3 | M37: 0 | N37: =IF($K37<>0,DATE(YEAR($K37),MONTH($K37)-$M37,DAY($K37)-$L37),"") -> #N/A | O37: =IF(DAYS360(NOW(), $K37) >= 0, DAYS360(NOW(), $K37), "") -> #N/A | P37: =H37/G37*VLOOKUP(F37,'Membership Level'!$A$3:$C$10,3,FALSE)+J37 -> #DIV/0!
K38: =DATE(YEAR(J38),MONTH(J38)+VLOOKUP($F38,'Membership Level'!$A$3:$B$10,2,FALSE),DAY(J38)) -> #N/A | L38: 3 | M38: 0 | N38: =IF($K38<>0,DATE(YEAR($K38),MONTH($K38)-$M38,DAY($K38)-$L38),"") -> #N/A | O38: =IF(DAYS360(NOW(), $K38) >= 0, DAYS360(NOW(), $K38), "") -> #N/A | P38: =H38/G38*VLOOKUP(F38,'Membership Level'!$A$3:$C$10,3,FALSE)+J38 -> #DIV/0!
K39: =DATE(YEAR(J39),MONTH(J39)+VLOOKUP($F39,'Membership Level'!$A$3:$B$10,2,FALSE),DAY(J39)) -> #N/A | L39: 3 | M39: 0 | N39: =IF($K39<>0,DATE(YEAR($K39),MONTH($K39)-$M39,DAY($K39)-$L39),"") -> #N/A | O39: =IF(DAYS360(NOW(), $K39) >= 0, DAYS360(NOW(), $K39), "") -> #N/A | P39: =H39/G39*VLOOKUP(F39,'Membership Level'!$A$3:$C$10,3,FALSE)+J39 -> #DIV/0!
K40: =DATE(YEAR(J40),MONTH(J40)+VLOOKUP($F40,'Membership Level'!$A$3:$B$10,2,FALSE),DAY(J40)) -> #N/A | L40: 3 | M40: 0 | N40: =IF($K40<>0,DATE(YEAR($K40),MONTH($K40)-$M40,DAY($K40)-$L40),"") -> #N/A | O40: =IF(DAYS360(NOW(), $K40) >= 0, DAYS360(NOW(), $K40), "") -> #N/A | P40: =H40/G40*VLOOKUP(F40,'Membership Level'!$A$3:$C$10,3,FALSE)+J40 -> #DIV/0!
K41: =DATE(YEAR(J41),MONTH(J41)+VLOOKUP($F41,'Membership Level'!$A$3:$B$10,2,FALSE),DAY(J41)) -> #N/A | L41: 3 | M41: 0 | N41: =IF($K41<>0,DATE(YEAR($K41),MONTH($K41)-$M41,DAY($K41)-$L41),"") -> #N/A | O41: =IF(DAYS360(NOW(), $K41) >= 0, DAYS360(NOW(), $K41), "") -> #N/A | P41: =H41/G41*VLOOKUP(F41,'Membership Level'!$A$3:$C$10,3,FALSE)+J41 -> #DIV/0!
K42: =DATE(YEAR(J42),MONTH(J42)+VLOOKUP($F42,'Membership Level'!$A$3:$B$10,2,FALSE),DAY(J42)) -> #N/A | L42: 3 | M42: 0 | N42: =IF($K42<>0,DATE(YEAR($K42),MONTH($K42)-$M42,DAY($K42)-$L42),"") -> #N/A | O42: =IF(DAYS360(NOW(), $K42) >= 0, DAYS360(NOW(), $K42), "") -> #N/A | P42: =H42/G42*VLOOKUP(F42,'Membership Level'!$A$3:$C$10,3,FALSE)+J42 -> #DIV/0!
K43: =DATE(YEAR(J43),MONTH(J43)+VLOOKUP($F43,'Membership Level'!$A$3:$B$10,2,FALSE),DAY(J43)) -> #N/A | L43: 3 | M43: 0 | N43: =IF($K43<>0,DATE(YEAR($K43),MONTH($K43)-$M43,DAY($K43)-$L43),"") -> #N/A | O43: =IF(DAYS360(NOW(), $K43) >= 0, DAYS360(NOW(), $K43), "") -> #N/A | P43: =H43/G43*VLOOKUP(F43,'Membership Level'!$A$3:$C$10,3,FALSE)+J43 -> #DIV/0!
K44: =DATE(YEAR(J44),MONTH(J44)+VLOOKUP($F44,'Membership Level'!$A$3:$B$10,2,FALSE),DAY(J44)) -> #N/A | L44: 3 | M44: 0 | N44: =IF($K44<>0,DATE(YEAR($K44),MONTH($K44)-$M44,DAY($K44)-$L44),"") -> #N/A | O44: =IF(DAYS360(NOW(), $K44) >= 0, DAYS360(NOW(), $K44), "") -> #N/A | P44: =H44/G44*VLOOKUP(F44,'Membership Level'!$A$3:$C$10,3,FALSE)+J44 -> #DIV/0!
K45: =DATE(YEAR(J45),MONTH(J45)+VLOOKUP($F45,'Membership Level'!$A$3:$B$10,2,FALSE),DAY(J45)) -> #N/A | L45: 3 | M45: 0 | N45: =IF($K45<>0,DATE(YEAR($K45),MONTH($K45)-$M45,DAY($K45)-$L45),"") -> #N/A | O45: =IF(DAYS360(NOW(), $K45) >= 0, DAYS360(NOW(), $K45), "") -> #N/A | P45: =H45/G45*VLOOKUP(F45,'Membership Level'!$A$3:$C$10,3,FALSE)+J45 -> #DIV/0! | Q45: TUESDAY
K46: =DATE(YEAR(J46),MONTH(J46)+VLOOKUP($F46,'Membership Level'!$A$3:$B$10,2,FALSE),DAY(J46)) -> #N/A | L46: 3 | M46: 0 | N46: =IF($K46<>0,DATE(YEAR($K46),MONTH($K46)-$M46,DAY($K46)-$L46),"") -> #N/A | O46: =IF(DAYS360(NOW(), $K46) >= 0, DAYS360(NOW(), $K46), "") -> #N/A | P46: =H46/G46*VLOOKUP(F46,'Membership Level'!$A$3:$C$10,3,FALSE)+J46 -> #DIV/0!
K47: =DATE(YEAR(J47),MONTH(J47)+VLOOKUP($F47,'Membership Level'!$A$3:$B$10,2,FALSE),DAY(J47)) -> #N/A | L47: 3 | M47: 0 | N47: =IF($K47<>0,DATE(YEAR($K47),MONTH($K47)-$M47,DAY($K47)-$L47),"") -> #N/A | O47: =IF(DAYS360(NOW(), $K47) >= 0, DAYS360(NOW(), $K47), "") -> #N/A | P47: =H47/G47*VLOOKUP(F47,'Membership Level'!$A$3:$C$10,3,FALSE)+J47 -> #DIV/0!
K48: =DATE(YEAR(J48),MONTH(J48)+VLOOKUP($F48,'Membership Level'!$A$3:$B$10,2,FALSE),DAY(J48)) -> #N/A | L48: 3 | M48: 0 | N48: =IF($K48<>0,DATE(YEAR($K48),MONTH($K48)-$M48,DAY($K48)-$L48),"") -> #N/A | O48: =IF(DAYS360(NOW(), $K48) >= 0, DAYS360(NOW(), $K48), "") -> #N/A | P48: =H48/G48*VLOOKUP(F48,'Membership Level'!$A$3:$C$10,3,FALSE)+J48 -> #DIV/0!
K49: =DATE(YEAR(J49),MONTH(J49)+VLOOKUP($F49,'Membership Level'!$A$3:$B$10,2,FALSE),DAY(J49)) -> #N/A | L49: 3 | M49: 0 | N49: =IF($K49<>0,DATE(YEAR($K49),MONTH($K49)-$M49,DAY($K49)-$L49),"") -> #N/A | O49: =IF(DAYS360(NOW(), $K49) >= 0, DAYS360(NOW(), $K49), "") -> #N/A | P49: =H49/G49*VLOOKUP(F49,'Membership Level'!$A$3:$C$10,3,FALSE)+J49 -> #DIV/0!
K50: =DATE(YEAR(J50),MONTH(J50)+VLOOKUP($F50,'Membership Level'!$A$3:$B$10,2,FALSE),DAY(J50)) -> #N/A | L50: 3 | M50: 0 | N50: =IF($K50<>0,DATE(YEAR($K50),MONTH($K50)-$M50,DAY($K50)-$L50),"") -> #N/A | O50: =IF(DAYS360(NOW(), $K50) >= 0, DAYS360(NOW(), $K50), "") -> #N/A | P50: =H50/G50*VLOOKUP(F50,'Membership Level'!$A$3:$C$10,3,FALSE)+J50 -> #DIV/0!
K51: =DATE(YEAR(J51),MONTH(J51)+VLOOKUP($F51,'Membership Level'!$A$3:$B$10,2,FALSE),DAY(J51)) -> #N/A | L51: 3 | M51: 0 | N51: =IF($K51<>0,DATE(YEAR($K51),MONTH($K51)-$M51,DAY($K51)-$L51),"") -> #N/A | O51: =IF(DAYS360(NOW(), $K51) >= 0, DAYS360(NOW(), $K51), "") -> #N/A | P51: =H51/G51*VLOOKUP(F51,'Membership Level'!$A$3:$C$10,3,FALSE)+J51 -> #DIV/0!
K52: =DATE(YEAR(J52),MONTH(J52)+VLOOKUP($F52,'Membership Level'!$A$3:$B$10,2,FALSE),DAY(J52)) -> #N/A | L52: 3 | M52: 0 | N52: =IF($K52<>0,DATE(YEAR($K52),MONTH($K52)-$M52,DAY($K52)-$L52),"") -> #N/A | O52: =IF(DAYS360(NOW(), $K52) >= 0, DAYS360(NOW(), $K52), "") -> #N/A | P52: =H52/G52*VLOOKUP(F52,'Membership Level'!$A$3:$C$10,3,FALSE)+J52 -> #DIV/0!
K53: =DATE(YEAR(J53),MONTH(J53)+VLOOKUP($F53,'Membership Level'!$A$3:$B$10,2,FALSE),DAY(J53)) -> #N/A | L53: 3 | M53: 0 | N53: =IF($K53<>0,DATE(YEAR($K53),MONTH($K53)-$M53,DAY($K53)-$L53),"") -> #N/A | O53: =IF(DAYS360(NOW(), $K53) >= 0, DAYS360(NOW(), $K53), "") -> #N/A | P53: =H53/G53*VLOOKUP(F53,'Membership Level'!$A$3:$C$10,3,FALSE)+J53 -> #DIV/0!
K54: =DATE(YEAR(J54),MONTH(J54)+VLOOKUP($F54,'Membership Level'!$A$3:$B$10,2,FALSE),DAY(J54)) -> #N/A | L54: 3 | M54: 0 | N54: =IF($K54<>0,DATE(YEAR($K54),MONTH($K54)-$M54,DAY($K54)-$L54),"") -> #N/A | O54: =IF(DAYS360(NOW(), $K54) >= 0, DAYS360(NOW(), $K54), "") -> #N/A | P54: =H54/G54*VLOOKUP(F54,'Membership Level'!$A$3:$C$10,3,FALSE)+J54 -> #DIV/0!
K55: =DATE(YEAR(J55),MONTH(J55)+VLOOKUP($F55,'Membership Level'!$A$3:$B$10,2,FALSE),DAY(J55)) -> #N/A | M55: 0 | N55: =IF($K55<>0,DATE(YEAR($K55),MONTH($K55)-$M55,DAY($K55)-$L55),"") -> #N/A | O55: =IF(DAYS360(NOW(), $K55) >= 0, DAYS360(NOW(), $K55), "") -> #N/A | P55: =H55/G55*VLOOKUP(F55,'Membership Level'!$A$3:$C$10,3,FALSE)+J55 -> #DIV/0!
K56: =DATE(YEAR(J56),MONTH(J56)+VLOOKUP($F56,'Membership Level'!$A$3:$B$10,2,FALSE),DAY(J56)) -> #N/A | L56: 3 | M56: 0 | N56: =IF($K56<>0,DATE(YEAR($K56),MONTH($K56)-$M56,DAY($K56)-$L56),"") -> #N/A | O56: =IF(DAYS360(NOW(), $K56) >= 0, DAYS360(NOW(), $K56), "") -> #N/A | P56: =H56/G56*VLOOKUP(F56,'Membership Level'!$A$3:$C$10,3,FALSE)+J56 -> #DIV/0!
K57: =DATE(YEAR(J57),MONTH(J57)+VLOOKUP($F57,'Membership Level'!$A$3:$B$10,2,FALSE),DAY(J57)) -> #N/A | M57: 0 | N57: =IF($K57<>0,DATE(YEAR($K57),MONTH($K57)-$M57,DAY($K57)-$L57),"") -> #N/A | O57: =IF(DAYS360(NOW(), $K57) >= 0, DAYS360(NOW(), $K57), "") -> #N/A | P57: =H57/G57*VLOOKUP(F57,'Membership Level'!$A$3:$C$10,3,FALSE)+J57 -> #DIV/0!
K58: =DATE(YEAR(J58),MONTH(J58)+VLOOKUP($F58,'Membership Level'!$A$3:$B$10,2,FALSE),DAY(J58)) -> #N/A | M58: 0 | N58: =IF($K58<>0,DATE(YEAR($K58),MONTH($K58)-$M58,DAY($K58)-$L58),"") -> #N/A | O58: =IF(DAYS360(NOW(), $K58) >= 0, DAYS360(NOW(), $K58), "") -> #N/A | P58: =H58/G58*VLOOKUP(F58,'Membership Level'!$A$3:$C$10,3,FALSE)+J58 -> #DIV/0!
K59: =DATE(YEAR(J59),MONTH(J59)+VLOOKUP($F59,'Membership Level'!$A$3:$B$10,2,FALSE),DAY(J59)) -> #N/A | L59: 3 | M59: 0 | N59: =IF($K59<>0,DATE(YEAR($K59),MONTH($K59)-$M59,DAY($K59)-$L59),"") -> #N/A | O59: =IF(DAYS360(NOW(), $K59) >= 0, DAYS360(NOW(), $K59), "") -> #N/A | P59: =H59/G59*VLOOKUP(F59,'Membership Level'!$A$3:$C$10,3,FALSE)+J59 -> #DIV/0!
K60: =DATE(YEAR(J60),MONTH(J60)+VLOOKUP($F60,'Membership Level'!$A$3:$B$10,2,FALSE),DAY(J60)) -> #N/A | M60: 0 | N60: =IF($K60<>0,DATE(YEAR($K60),MONTH($K60)-$M60,DAY($K60)-$L60),"") -> #N/A | O60: =IF(DAYS360(NOW(), $K60) >= 0, DAYS360(NOW(), $K60), "") -> #N/A | P60: =H60/G60*VLOOKUP(F60,'Membership Level'!$A$3:$C$10,3,FALSE)+J60 -> #DIV/0!
K61: =DATE(YEAR(J61),MONTH(J61)+VLOOKUP($F61,'Membership Level'!$A$3:$B$10,2,FALSE),DAY(J61)) -> #N/A | L61: 3 | M61: 0 | N61: =IF($K61<>0,DATE(YEAR($K61),MONTH($K61)-$M61,DAY($K61)-$L61),"") -> #N/A | O61: =IF(DAYS360(NOW(), $K61) >= 0, DAYS360(NOW(), $K61), "") -> #N/A | P61: =H61/G61*VLOOKUP(F61,'Membership Level'!$A$3:$C$10,3,FALSE)+J61 -> #DIV/0!
K62: =DATE(YEAR(J62),MONTH(J62)+VLOOKUP($F62,'Membership Level'!$A$3:$B$10,2,FALSE),DAY(J62)) -> #N/A | L62: 3 | M62: 0 | N62: =IF($K62<>0,DATE(YEAR($K62),MONTH($K62)-$M62,DAY($K62)-$L62),"") -> #N/A | O62: =IF(DAYS360(NOW(), $K62) >= 0, DAYS360(NOW(), $K62), "") -> #N/A | P62: =H62/G62*VLOOKUP(F62,'Membership Level'!$A$3:$C$10,3,FALSE)+J62 -> #DIV/0!
K63: =DATE(YEAR(J63),MONTH(J63)+VLOOKUP($F63,'Membership Level'!$A$3:$B$10,2,FALSE),DAY(J63)) -> #N/A | M63: 0 | N63: =IF($K63<>0,DATE(YEAR($K63),MONTH($K63)-$M63,DAY($K63)-$L63),"") -> #N/A | O63: =IF(DAYS360(NOW(), $K63) >= 0, DAYS360(NOW(), $K63), "") -> #N/A | P63: =H63/G63*VLOOKUP(F63,'Membership Level'!$A$3:$C$10,3,FALSE)+J63 -> #DIV/0!
K64: =DATE(YEAR(J64),MONTH(J64)+VLOOKUP($F64,'Membership Level'!$A$3:$B$10,2,FALSE),DAY(J64)) -> #N/A | M64: 0 | N64: =IF($K64<>0,DATE(YEAR($K64),MONTH($K64)-$M64,DAY($K64)-$L64),"") -> #N/A | O64: =IF(DAYS360(NOW(), $K64) >= 0, DAYS360(NOW(), $K64), "") -> #N/A | P64: =H64/G64*VLOOKUP(F64,'Membership Level'!$A$3:$C$10,3,FALSE)+J64 -> #DIV/0!
K65: =DATE(YEAR(J65),MONTH(J65)+VLOOKUP($F65,'Membership Level'!$A$3:$B$10,2,FALSE),DAY(J65)) -> #N/A | M65: 0 | N65: =IF($K65<>0,DATE(YEAR($K65),MONTH($K65)-$M65,DAY($K65)-$L65),"") -> #N/A | O65: =IF(DAYS360(NOW(), $K65) >= 0, DAYS360(NOW(), $K65), "") -> #N/A | P65: =H65/G65*VLOOKUP(F65,'Membership Level'!$A$3:$C$10,3,FALSE)+J65 -> #DIV/0!
K66: =DATE(YEAR(J66),MONTH(J66)+VLOOKUP($F66,'Membership Level'!$A$3:$B$10,2,FALSE),DAY(J66)) -> #N/A | M66: 0 | N66: =IF($K66<>0,DATE(YEAR($K66),MONTH($K66)-$M66,DAY($K66)-$L66),"") -> #N/A | O66: =IF(DAYS360(NOW(), $K66) >= 0, DAYS360(NOW(), $K66), "") -> #N/A | P66: =H66/G66*VLOOKUP(F66,'Membership Level'!$A$3:$C$10,3,FALSE)+J66 -> #DIV/0!
K67: =DATE(YEAR(J67),MONTH(J67)+VLOOKUP($F67,'Membership Level'!$A$3:$B$10,2,FALSE),DAY(J67)) -> #N/A | L67: 3 | M67: 0 | N67: =IF($K67<>0,DATE(YEAR($K67),MONTH($K67)-$M67,DAY($K67)-$L67),"") -> #N/A | O67: =IF(DAYS360(NOW(), $K67) >= 0, DAYS360(NOW(), $K67), "") -> #N/A | P67: =H67/G67*VLOOKUP(F67,'Membership Level'!$A$3:$C$10,3,FALSE)+J67 -> #DIV/0!
K68: =DATE(YEAR(J68),MONTH(J68)+VLOOKUP($F68,'Membership Level'!$A$3:$B$10,2,FALSE),DAY(J68)) -> #N/A | M68: 0 | N68: =IF($K68<>0,DATE(YEAR($K68),MONTH($K68)-$M68,DAY($K68)-$L68),"") -> #N/A | O68: =IF(DAYS360(NOW(), $K68) >= 0, DAYS360(NOW(), $K68), "") -> #N/A | P68: =H68/G68*VLOOKUP(F68,'Membership Level'!$A$3:$C$10,3,FALSE)+J68 -> #DIV/0!
K69: =DATE(YEAR(J69),MONTH(J69)+VLOOKUP($F69,'Membership Level'!$A$3:$B$10,2,FALSE),DAY(J69)) -> #N/A | L69: 3 | M69: 0 | N69: =IF($K69<>0,DATE(YEAR($K69),MONTH($K69)-$M69,DAY($K69)-$L69),"") -> #N/A | O69: =IF(DAYS360(NOW(), $K69) >= 0, DAYS360(NOW(), $K69), "") -> #N/A | P69: =H69/G69*VLOOKUP(F69,'Membership Level'!$A$3:$C$10,3,FALSE)+J69 -> #DIV/0!
K70: =DATE(YEAR(J70),MONTH(J70)+VLOOKUP($F70,'Membership Level'!$A$3:$B$10,2,FALSE),DAY(J70)) -> #N/A | L70: 3 | M70: 0 | N70: =IF($K70<>0,DATE(YEAR($K70),MONTH($K70)-$M70,DAY($K70)-$L70),"") -> #N/A | O70: =IF(DAYS360(NOW(), $K70) >= 0, DAYS360(NOW(), $K70), "") -> #N/A | P70: =H70/G70*VLOOKUP(F70,'Membership Level'!$A$3:$C$10,3,FALSE)+J70 -> #DIV/0!
K71: =DATE(YEAR(J71),MONTH(J71)+VLOOKUP($F71,'Membership Level'!$A$3:$B$10,2,FALSE),DAY(J71)) -> #N/A | L71: 3 | M71: 0 | N71: =IF($K71<>0,DATE(YEAR($K71),MONTH($K71)-$M71,DAY($K71)-$L71),"") -> #N/A | O71: =IF(DAYS360(NOW(), $K71) >= 0, DAYS360(NOW(), $K71), "") -> #N/A | P71: =H71/G71*VLOOKUP(F71,'Membership Level'!$A$3:$C$10,3,FALSE)+J71 -> #DIV/0!
K72: =DATE(YEAR(J72),MONTH(J72)+VLOOKUP($F72,'Membership Level'!$A$3:$B$10,2,FALSE),DAY(J72)) -> #N/A | L72: 3 | M72: 0 | N72: =IF($K72<>0,DATE(YEAR($K72),MONTH($K72)-$M72,DAY($K72)-$L72),"") -> #N/A | O72: =IF(DAYS360(NOW(), $K72) >= 0, DAYS360(NOW(), $K72), "") -> #N/A | P72: =H72/G72*VLOOKUP(F72,'Membership Level'!$A$3:$C$10,3,FALSE)+J72 -> #DIV/0! | Q72: SAT/SUNDAY
K73: =DATE(YEAR(J73),MONTH(J73)+VLOOKUP($F73,'Membership Level'!$A$3:$B$10,2,FALSE),DAY(J73)) -> #N/A | L73: 3 | M73: 0 | N73: =IF($K73<>0,DATE(YEAR($K73),MONTH($K73)-$M73,DAY($K73)-$L73),"") -> #N/A | O73: =IF(DAYS360(NOW(), $K73) >= 0, DAYS360(NOW(), $K73), "") -> #N/A | P73: =H73/G73*VLOOKUP(F73,'Membership Level'!$A$3:$C$10,3,FALSE)+J73 -> #DIV/0!
K74: =DATE(YEAR(J74),MONTH(J74)+VLOOKUP($F74,'Membership Level'!$A$3:$B$10,2,FALSE),DAY(J74)) -> #N/A | L74: 3 | M74: 0 | N74: =IF($K74<>0,DATE(YEAR($K74),MONTH($K74)-$M74,DAY($K74)-$L74),"") -> #N/A | O74: =IF(DAYS360(NOW(), $K74) >= 0, DAYS360(NOW(), $K74), "") -> #N/A | P74: =H74/G74*VLOOKUP(F74,'Membership Level'!$A$3:$C$10,3,FALSE)+J74 -> #DIV/0!
K75: =DATE(YEAR(J75),MONTH(J75)+VLOOKUP($F75,'Membership Level'!$A$3:$B$10,2,FALSE),DAY(J75)) -> #N/A | L75: 3 | M75: 0 | N75: =IF($K75<>0,DATE(YEAR($K75),MONTH($K75)-$M75,DAY($K75)-$L75),"") -> #N/A | O75: =IF(DAYS360(NOW(), $K75) >= 0, DAYS360(NOW(), $K75), "") -> #N/A | P75: =H75/G75*VLOOKUP(F75,'Membership Level'!$A$3:$C$10,3,FALSE)+J75 -> #DIV/0! | Q75: TUESDAY
K76: =DATE(YEAR(J76),MONTH(J76)+VLOOKUP($F76,'Membership Level'!$A$3:$B$10,2,FALSE),DAY(J76)) -> #N/A | L76: 3 | M76: 0 | N76: =IF($K76<>0,DATE(YEAR($K76),MONTH($K76)-$M76,DAY($K76)-$L76),"") -> #N/A | O76: =IF(DAYS360(NOW(), $K76) >= 0, DAYS360(NOW(), $K76), "") -> #N/A | P76: =H76/G76*VLOOKUP(F76,'Membership Level'!$A$3:$C$10,3,FALSE)+J76 -> #DIV/0! | Q76: IN THIS WEEK
K77: =DATE(YEAR(J77),MONTH(J77)+VLOOKUP($F77,'Membership Level'!$A$3:$B$10,2,FALSE),DAY(J77)) -> #N/A | L77: 3 | M77: 0 | N77: =IF($K77<>0,DATE(YEAR($K77),MONTH($K77)-$M77,DAY($K77)-$L77),"") -> #N/A | O77: =IF(DAYS360(NOW(), $K77) >= 0, DAYS360(NOW(), $K77), "") -> #N/A | P77: =H77/G77*VLOOKUP(F77,'Membership Level'!$A$3:$C$10,3,FALSE)+J77 -> #DIV/0!
K78: =DATE(YEAR(J78),MONTH(J78)+VLOOKUP($F78,'Membership Level'!$A$3:$B$10,2,FALSE),DAY(J78)) -> #N/A | L78: 3 | M78: 0 | N78: =IF($K78<>0,DATE(YEAR($K78),MONTH($K78)-$M78,DAY($K78)-$L78),"") -> #N/A | O78: =IF(DAYS360(NOW(), $K78) >= 0, DAYS360(NOW(), $K78), "") -> #N/A | P78: =H78/G78*VLOOKUP(F78,'Membership Level'!$A$3:$C$10,3,FALSE)+J78 -> #DIV/0!
K79: =DATE(YEAR(J79),MONTH(J79)+VLOOKUP($F79,'Membership Level'!$A$3:$B$10,2,FALSE),DAY(J79)) -> #N/A | L79: 3 | M79: 0 | N79: =IF($K79<>0,DATE(YEAR($K79),MONTH($K79)-$M79,DAY($K79)-$L79),"") -> #N/A | O79: =IF(DAYS360(NOW(), $K79) >= 0, DAYS360(NOW(), $K79), "") -> #N/A | P79: =H79/G79*VLOOKUP(F79,'Membership Level'!$A$3:$C$10,3,FALSE)+J79 -> #DIV/0!
K80: =DATE(YEAR(J80),MONTH(J80)+VLOOKUP($F80,'Membership Level'!$A$3:$B$10,2,FALSE),DAY(J80)) -> #N/A | L80: 3 | M80: 0 | N80: =IF($K80<>0,DATE(YEAR($K80),MONTH($K80)-$M80,DAY($K80)-$L80),"") -> #N/A | O80: =IF(DAYS360(NOW(), $K80) >= 0, DAYS360(NOW(), $K80), "") -> #N/A | P80: =H80/G80*VLOOKUP(F80,'Membership Level'!$A$3:$C$10,3,FALSE)+J80 -> #DIV/0!
K81: =DATE(YEAR(J81),MONTH(J81)+VLOOKUP($F81,'Membership Level'!$A$3:$B$10,2,FALSE),DAY(J81)) -> #N/A | L81: 3 | M81: 0 | N81: =IF($K81<>0,DATE(YEAR($K81),MONTH($K81)-$M81,DAY($K81)-$L81),"") -> #N/A | O81: =IF(DAYS360(NOW(), $K81) >= 0, DAYS360(NOW(), $K81), "") -> #N/A | P81: =H81/G81*VLOOKUP(F81,'Membership Level'!$A$3:$C$10,3,FALSE)+J81 -> #DIV/0!
K82: =DATE(YEAR(J82),MONTH(J82)+VLOOKUP($F82,'Membership Level'!$A$3:$B$10,2,FALSE),DAY(J82)) -> #N/A | L82: 3 | M82: 0 | N82: =IF($K82<>0,DATE(YEAR($K82),MONTH($K82)-$M82,DAY($K82)-$L82),"") -> #N/A | O82: =IF(DAYS360(NOW(), $K82) >= 0, DAYS360(NOW(), $K82), "") -> #N/A | P82: =H82/G82*VLOOKUP(F82,'Membership Level'!$A$3:$C$10,3,FALSE)+J82 -> #DIV/0! | Q82: TUESDAY
K83: =DATE(YEAR(J83),MONTH(J83)+VLOOKUP($F83,'Membership Level'!$A$3:$B$10,2,FALSE),DAY(J83)) -> #N/A | L83: 3 | M83: 0 | N83: =IF($K83<>0,DATE(YEAR($K83),MONTH($K83)-$M83,DAY($K83)-$L83),"") -> #N/A | O83: =IF(DAYS360(NOW(), $K83) >= 0, DAYS360(NOW(), $K83), "") -> #N/A | P83: =H83/G83*VLOOKUP(F83,'Membership Level'!$A$3:$C$10,3,FALSE)+J83 -> #DIV/0! | Q83: (6000/- DUES 1000/-
K84: =DATE(YEAR(J84),MONTH(J84)+VLOOKUP($F84,'Membership Level'!$A$3:$B$10,2,FALSE),DAY(J84)) -> #N/A | L84: 3 | M84: 0 | N84: =IF($K84<>0,DATE(YEAR($K84),MONTH($K84)-$M84,DAY($K84)-$L84),"") -> #N/A | O84: =IF(DAYS360(NOW(), $K84) >= 0, DAYS360(NOW(), $K84), "") -> #N/A | P84: =H84/G84*VLOOKUP(F84,'Membership Level'!$A$3:$C$10,3,FALSE)+J84 -> #DIV/0!
K85: =DATE(YEAR(J85),MONTH(J85)+VLOOKUP($F85,'Membership Level'!$A$3:$B$10,2,FALSE),DAY(J85)) -> #N/A | L85: 3 | M85: 0 | N85: =IF($K85<>0,DATE(YEAR($K85),MONTH($K85)-$M85,DAY($K85)-$L85),"") -> #N/A | O85: =IF(DAYS360(NOW(), $K85) >= 0, DAYS360(NOW(), $K85), "") -> #N/A | P85: =H85/G85*VLOOKUP(F85,'Membership Level'!$A$3:$C$10,3,FALSE)+J85 -> #DIV/0!
K86: =DATE(YEAR(J86),MONTH(J86)+VLOOKUP($F86,'Membership Level'!$A$3:$B$10,2,FALSE),DAY(J86)) -> #N/A | L86: 3 | M86: 0 | N86: =IF($K86<>0,DATE(YEAR($K86),MONTH($K86)-$M86,DAY($K86)-$L86),"") -> #N/A | O86: =IF(DAYS360(NOW(), $K86) >= 0, DAYS360(NOW(), $K86), "") -> #N/A | P86: =H86/G86*VLOOKUP(F86,'Membership Level'!$A$3:$C$10,3,FALSE)+J86 -> #DIV/0!
K87: =DATE(YEAR(J87),MONTH(J87)+VLOOKUP($F87,'Membership Level'!$A$3:$B$10,2,FALSE),DAY(J87)) -> #N/A | L87: 3 | M87: 0 | N87: =IF($K87<>0,DATE(YEAR($K87),MONTH($K87)-$M87,DAY($K87)-$L87),"") -> #N/A | O87: =IF(DAYS360(NOW(), $K87) >= 0, DAYS360(NOW(), $K87), "") -> #N/A | P87: =H87/G87*VLOOKUP(F87,'Membership Level'!$A$3:$C$10,3,FALSE)+J87 -> #DIV/0! | Q87: WILL CONFIRM ON TUESDAY
K88: =DATE(YEAR(J88),MONTH(J88)+VLOOKUP($F88,'Membership Level'!$A$3:$B$10,2,FALSE),DAY(J88)) -> #N/A | L88: 3 | M88: 0 | N88: =IF($K88<>0,DATE(YEAR($K88),MONTH($K88)-$M88,DAY($K88)-$L88),"") -> #N/A | O88: =IF(DAYS360(NOW(), $K88) >= 0, DAYS360(NOW(), $K88), "") -> #N/A | P88: =H88/G88*VLOOKUP(F88,'Membership Level'!$A$3:$C$10,3,FALSE)+J88 -> #DIV/0!
K89: =DATE(YEAR(J89),MONTH(J89)+VLOOKUP($F89,'Membership Level'!$A$3:$B$10,2,FALSE),DAY(J89)) -> #N/A | L89: 3 | M89: 0 | N89: =IF($K89<>0,DATE(YEAR($K89),MONTH($K89)-$M89,DAY($K89)-$L89),"") -> #N/A | O89: =IF(DAYS360(NOW(), $K89) >= 0, DAYS360(NOW(), $K89), "") -> #N/A | P89: =H89/G89*VLOOKUP(F89,'Membership Level'!$A$3:$C$10,3,FALSE)+J89 -> #DIV/0!
K90: =DATE(YEAR(J90),MONTH(J90)+VLOOKUP($F90,'Membership Level'!$A$3:$B$10,2,FALSE),DAY(J90)) -> #N/A | L90: 3 | M90: 0 | N90: =IF($K90<>0,DATE(YEAR($K90),MONTH($K90)-$M90,DAY($K90)-$L90),"") -> #N/A | O90: =IF(DAYS360(NOW(), $K90) >= 0, DAYS360(NOW(), $K90), "") -> #N/A | P90: =H90/G90*VLOOKUP(F90,'Membership Level'!$A$3:$C$10,3,FALSE)+J90 -> #DIV/0! | Q90: THIS WEEK
K91: =DATE(YEAR(J91),MONTH(J91)+VLOOKUP($F91,'Membership Level'!$A$3:$B$10,2,FALSE),DAY(J91)) -> #N/A | L91: 3 | M91: 0 | N91: =IF($K91<>0,DATE(YEAR($K91),MONTH($K91)-$M91,DAY($K91)-$L91),"") -> #N/A | O91: =IF(DAYS360(NOW(), $K91) >= 0, DAYS360(NOW(), $K91), "") -> #N/A | P91: =H91/G91*VLOOKUP(F91,'Membership Level'!$A$3:$C$10,3,FALSE)+J91 -> #DIV/0!
K92: =DATE(YEAR(J92),MONTH(J92)+VLOOKUP($F92,'Membership Level'!$A$3:$B$10,2,FALSE),DAY(J92)) -> #N/A | L92: 3 | M92: 0 | N92: =IF($K92<>0,DATE(YEAR($K92),MONTH($K92)-$M92,DAY($K92)-$L92),"") -> #N/A | O92: =IF(DAYS360(NOW(), $K92) >= 0, DAYS360(NOW(), $K92), "") -> #N/A | P92: =H92/G92*VLOOKUP(F92,'Membership Level'!$A$3:$C$10,3,FALSE)+J92 -> #DIV/0!
K93: =DATE(YEAR(J93),MONTH(J93)+VLOOKUP($F93,'Membership Level'!$A$3:$B$10,2,FALSE),DAY(J93)) -> #N/A | L93: 3 | M93: 0 | N93: =IF($K93<>0,DATE(YEAR($K93),MONTH($K93)-$M93,DAY($K93)-$L93),"") -> #N/A | O93: =IF(DAYS360(NOW(), $K93) >= 0, DAYS360(NOW(), $K93), "") -> #N/A | P93: =H93/G93*VLOOKUP(F93,'Membership Level'!$A$3:$C$10,3,FALSE)+J93 -> #DIV/0!
K94: =DATE(YEAR(J94),MONTH(J94)+VLOOKUP($F94,'Membership Level'!$A$3:$B$10,2,FALSE),DAY(J94)) -> #N/A | L94: 3 | M94: 0 | N94: =IF($K94<>0,DATE(YEAR($K94),MONTH($K94)-$M94,DAY($K94)-$L94),"") -> #N/A | O94: =IF(DAYS360(NOW(), $K94) >= 0, DAYS360(NOW(), $K94), "") -> #N/A | P94: =H94/G94*VLOOKUP(F94,'Membership Level'!$A$3:$C$10,3,FALSE)+J94 -> #DIV/0!
K95: =DATE(YEAR(J95),MONTH(J95)+VLOOKUP($F95,'Membership Level'!$A$3:$B$10,2,FALSE),DAY(J95)) -> #N/A | L95: 3 | M95: 0 | N95: =IF($K95<>0,DATE(YEAR($K95),MONTH($K95)-$M95,DAY($K95)-$L95),"") -> #N/A | O95: =IF(DAYS360(NOW(), $K95) >= 0, DAYS360(NOW(), $K95), "") -> #N/A | P95: =H95/G95*VLOOKUP(F95,'Membership Level'!$A$3:$C$10,3,FALSE)+J95 -> #DIV/0! | Q95: NEXT WEEK
K96: =DATE(YEAR(J96),MONTH(J96)+VLOOKUP($F96,'Membership Level'!$A$3:$B$10,2,FALSE),DAY(J96)) -> #N/A | L96: 3 | M96: 0 | N96: =IF($K96<>0,DATE(YEAR($K96),MONTH($K96)-$M96,DAY($K96)-$L96),"") -> #N/A | O96: =IF(DAYS360(NOW(), $K96) >= 0, DAYS360(NOW(), $K96), "") -> #N/A | P96: =H96/G96*VLOOKUP(F96,'Membership Level'!$A$3:$C$10,3,FALSE)+J96 -> #DIV/0!
K97: =DATE(YEAR(J97),MONTH(J97)+VLOOKUP($F97,'Membership Level'!$A$3:$B$10,2,FALSE),DAY(J97)) -> #N/A | L97: 3 | M97: 0 | N97: =IF($K97<>0,DATE(YEAR($K97),MONTH($K97)-$M97,DAY($K97)-$L97),"") -> #N/A | O97: =IF(DAYS360(NOW(), $K97) >= 0, DAYS360(NOW(), $K97), "") -> #N/A | P97: =H97/G97*VLOOKUP(F97,'Membership Level'!$A$3:$C$10,3,FALSE)+J97 -> #DIV/0!
K98: =DATE(YEAR(J98),MONTH(J98)+VLOOKUP($F98,'Membership Level'!$A$3:$B$10,2,FALSE),DAY(J98)) -> #N/A | L98: 3 | M98: 0 | N98: =IF($K98<>0,DATE(YEAR($K98),MONTH($K98)-$M98,DAY($K98)-$L98),"") -> #N/A | O98: =IF(DAYS360(NOW(), $K98) >= 0, DAYS360(NOW(), $K98), "") -> #N/A | P98: =H98/G98*VLOOKUP(F98,'Membership Level'!$A$3:$C$10,3,FALSE)+J98 -> #DIV/0!
K99: =DATE(YEAR(J99),MONTH(J99)+VLOOKUP($F99,'Membership Level'!$A$3:$B$10,2,FALSE),DAY(J99)) -> #N/A | L99: 3 | M99: 0 | N99: =IF($K99<>0,DATE(YEAR($K99),MONTH($K99)-$M99,DAY($K99)-$L99),"") -> #N/A | O99: =IF(DAYS360(NOW(), $K99) >= 0, DAYS360(NOW(), $K99), "") -> #N/A | P99: =H99/G99*VLOOKUP(F99,'Membership Level'!$A$3:$C$10,3,FALSE)+J99 -> #DIV/0! | Q99: NEXT WEEK
K100: =DATE(YEAR(J100),MONTH(J100)+VLOOKUP($F100,'Membership Level'!$A$3:$B$10,2,FALSE),DAY(J100)) -> #N/A | L100: 3 | M100: 0 | N100: =IF($K100<>0,DATE(YEAR($K100),MONTH($K100)-$M100,DAY($K100)-$L100),"") -> #N/A | O100: =IF(DAYS360(NOW(), $K100) >= 0, DAYS360(NOW(), $K100), "") -> #N/A | P100: =H100/G100*VLOOKUP(F100,'Membership Level'!$A$3:$C$10,3,FALSE)+J100 -> #DIV/0!
K101: =DATE(YEAR(J101),MONTH(J101)+VLOOKUP($F101,'Membership Level'!$A$3:$B$10,2,FALSE),DAY(J101)) -> #N/A | L101: 3 | M101: 0 | N101: =IF($K101<>0,DATE(YEAR($K101),MONTH($K101)-$M101,DAY($K101)-$L101),"") -> #N/A | O101: =IF(DAYS360(NOW(), $K101) >= 0, DAYS360(NOW(), $K101), "") -> #N/A | P101: =H101/G101*VLOOKUP(F101,'Membership Level'!$A$3:$C$10,3,FALSE)+J101 -> #DIV/0! | Q101: 2-3 DAYS
K102: =DATE(YEAR(J102),MONTH(J102)+VLOOKUP($F102,'Membership Level'!$A$3:$B$10,2,FALSE),DAY(J102)) -> #N/A | L102: 3 | M102: 0 | N102: =IF($K102<>0,DATE(YEAR($K102),MONTH($K102)-$M102,DAY($K102)-$L102),"") -> #N/A | O102: =IF(DAYS360(NOW(), $K102) >= 0, DAYS360(NOW(), $K102), "") -> #N/A | P102: =H102/G102*VLOOKUP(F102,'Membership Level'!$A$3:$C$10,3,FALSE)+J102 -> #DIV/0!
K103: =DATE(YEAR(J103),MONTH(J103)+VLOOKUP($F103,'Membership Level'!$A$3:$B$10,2,FALSE),DAY(J103)) -> #N/A | L103: 3 | M103: 0 | N103: =IF($K103<>0,DATE(YEAR($K103),MONTH($K103)-$M103,DAY($K103)-$L103),"") -> #N/A | O103: =IF(DAYS360(NOW(), $K103) >= 0, DAYS360(NOW(), $K103), "") -> #N/A | P103: =H103/G103*VLOOKUP(F103,'Membership Level'!$A$3:$C$10,3,FALSE)+J103 -> #DIV/0! | Q103: *****
K104: =DATE(YEAR(J104),MONTH(J104)+VLOOKUP($F104,'Membership Level'!$A$3:$B$10,2,FALSE),DAY(J104)) -> #N/A | L104: 3 | M104: 0 | N104: =IF($K104<>0,DATE(YEAR($K104),MONTH($K104)-$M104,DAY($K104)-$L104),"") -> #N/A | O104: =IF(DAYS360(NOW(), $K104) >= 0, DAYS360(NOW(), $K104), "") -> #N/A | P104: =H104/G104*VLOOKUP(F104,'Membership Level'!$A$3:$C$10,3,FALSE)+J104 -> #DIV/0! | Q104: NEXT WEEK
...

Sheet ZUMBA
F2: ZUMBA
A7: Contact Information | E7: Membership | K7: Notice term
A8: Name | B8: Address | C8: Email | D8: Phone | E8: Level | F8: Membership Fees | G8: Fees Paid | H8: Fees Due | I8: Start | J8: Expiration | K8: Days | L8: Month | M8: Termination Notice | N8: Days To Expiration | O8: Pending Fee Notice | P8: Notes
A9: SINGH | B9: NEHA | E9: ='Membership Level'!A18 -> Zumba Month | F9: 1500 | G9: 1500 | H9: =F9-G9 -> 0 | I9: 45711 | J9: =I9+30 -> 45741 | K9: 3 | L9: 0 | M9: =IF($J9<>0,DATE(YEAR($J9),MONTH($J9)-$L9,DAY($J9)-$K9),"") -> 45738 | N9: =IF(DAYS360(NOW(), $J9) >= 0, DAYS360(NOW(), $J9), "") | O9: =G9/F9*VLOOKUP(E9,'Membership Level'!$A$3:$C$10,3,FALSE)+I9 -> #N/A
B10: NILAM | E10: ='Membership Level'!A18 -> Zumba Month | F10: 1500 | G10: 1500 | H10: =F10-G10 -> 0 | I10: 45717 | J10: =I10+30 -> 45747 | K10: 3 | M10: =IF($J10<>0,DATE(YEAR($J10),MONTH($J10)-$L10,DAY($J10)-$K10),"") -> 45744 | N10: =IF(DAYS360(NOW(), $J10) >= 0, DAYS360(NOW(), $J10), "") | O10: =G10/F10*VLOOKUP(E10,'Membership Level'!$A$3:$C$10,3,FALSE)+I10 -> #N/A
B11: SHALINI | E11: ='Membership Level'!A18 -> Zumba Month | F11: 1500 | G11: 1500 | H11: =F11-G11 -> 0 | I11: 45689 | J11: =I11+30 -> 45719 | K11: 3 | M11: =IF($J11<>0,DATE(YEAR($J11),MONTH($J11)-$L11,DAY($J11)-$K11),"") -> 45716 | N11: =IF(DAYS360(NOW(), $J11) >= 0, DAYS360(NOW(), $J11), "") | O11: =G11/F11*VLOOKUP(E11,'Membership Level'!$A$3:$C$10,3,FALSE)+I11 -> #N/A
A12: KATORE | B12: KANCHAN | E12: ='Membership Level'!A18 -> Zumba Month | F12: 1500 | G12: 1500 | H12: =F12-G12 -> 0 | I12: 45734 | J12: =I12+30 -> 45764 | K12: 3 | M12: =IF($J12<>0,DATE(YEAR($J12),MONTH($J12)-$L12,DAY($J12)-$K12),"") -> 45761 | N12: =IF(DAYS360(NOW(), $J12) >= 0, DAYS360(NOW(), $J12), "") | O12: =G12/F12*VLOOKUP(E12,'Membership Level'!$A$3:$C$10,3,FALSE)+I12 -> #N/A
A13: DANKAR | B13: ANUPAMA | E13: ='Membership Level'!A18 -> Zumba Month | F13: 1500 | G13: 1500 | H13: =F13-G13 -> 0 | I13: 45707 | J13: =I13+30 -> 45737 | K13: 3 | M13: =IF($J13<>0,DATE(YEAR($J13),MONTH($J13)-$L13,DAY($J13)-$K13),"") -> 45734 | N13: =IF(DAYS360(NOW(), $J13) >= 0, DAYS360(NOW(), $J13), "") | O13: =G13/F13*VLOOKUP(E13,'Membership Level'!$A$3:$C$10,3,FALSE)+I13 -> #N/A
B14: SWETA | E14: ='Membership Level'!A18 -> Zumba Month | F14: 1500 | G14: 1500 | H14: =F14-G14 -> 0 | I14: 45709 | J14: =I14+30 -> 45739 | K14: 3 | M14: =IF($J14<>0,DATE(YEAR($J14),MONTH($J14)-$L14,DAY($J14)-$K14),"") -> 45736 | N14: =IF(DAYS360(NOW(), $J14) >= 0, DAYS360(NOW(), $J14), "") | O14: =G14/F14*VLOOKUP(E14,'Membership Level'!$A$3:$C$10,3,FALSE)+I14 -> #N/A
B15: SWATI | E15: ='Membership Level'!A18 -> Zumba Month | F15: 800 | G15: 800 | H15: =F15-G15 -> 0 | I15: 45690 | J15: =I15+30 -> 45720 | K15: 3 | M15: =IF($J15<>0,DATE(YEAR($J15),MONTH($J15)-$L15,DAY($J15)-$K15),"") -> 45717 | N15: =IF(DAYS360(NOW(), $J15) >= 0, DAYS360(NOW(), $J15), "") | O15: =G15/F15*VLOOKUP(E15,'Membership Level'!$A$3:$C$10,3,FALSE)+I15 -> #N/A
H16: =F16-G16 -> 0 | I16: 45026 | J16: =I16+30 -> 45056 | K16: 3 | M16: =IF($J16<>0,DATE(YEAR($J16),MONTH($J16)-$L16,DAY($J16)-$K16),"") -> 45053 | N16: =IF(DAYS360(NOW(), $J16) >= 0, DAYS360(NOW(), $J16), "") | O16: =G16/F16*VLOOKUP(E16,'Membership Level'!$A$3:$C$10,3,FALSE)+I16 -> #DIV/0!
H17: =F17-G17 -> 0 | I17: 45296 | J17: 45327 | K17: 3 | M17: =IF($J17<>0,DATE(YEAR($J17),MONTH($J17)-$L17,DAY($J17)-$K17),"") -> 45324 | N17: =IF(DAYS360(NOW(), $J17) >= 0, DAYS360(NOW(), $J17), "") | O17: =G17/F17*VLOOKUP(E17,'Membership Level'!$A$3:$C$10,3,FALSE)+I17 -> #DIV/0!
H18: =F18-G18 -> 0 | I18: 44986 | J18: =I18+90 -> 45076 | K18: 3 | M18: =IF($J18<>0,DATE(YEAR($J18),MONTH($J18)-$L18,DAY($J18)-$K18),"") -> 45073 | N18: =IF(DAYS360(NOW(), $J18) >= 0, DAYS360(NOW(), $J18), "") | O18: =G18/F18*VLOOKUP(E18,'Membership Level'!$A$3:$C$10,3,FALSE)+I18 -> #DIV/0!
H19: =F19-G19 -> 0 | I19: 45292 | J19: 45323 | K19: 3 | M19: =IF($J19<>0,DATE(YEAR($J19),MONTH($J19)-$L19,DAY($J19)-$K19),"") -> 45320 | N19: =IF(DAYS360(NOW(), $J19) >= 0, DAYS360(NOW(), $J19), "") | O19: =G19/F19*VLOOKUP(E19,'Membership Level'!$A$3:$C$10,3,FALSE)+I19 -> #DIV/0!
H20: =F20-G20 -> 0 | I20: 45034 | J20: =I20+30 -> 45064 | K20: 3 | M20: =IF($J20<>0,DATE(YEAR($J20),MONTH($J20)-$L20,DAY($J20)-$K20),"") -> 45061 | N20: =IF(DAYS360(NOW(), $J20) >= 0, DAYS360(NOW(), $J20), "") | O20: =G20/F20*VLOOKUP(E20,'Membership Level'!$A$3:$C$10,3,FALSE)+I20 -> #DIV/0!
H21: =F21-G21 -> 0 | I21: 45057 | J21: =I21+30 -> 45087 | K21: 3 | M21: =IF($J21<>0,DATE(YEAR($J21),MONTH($J21)-$L21,DAY($J21)-$K21),"") -> 45084 | N21: =IF(DAYS360(NOW(), $J21) >= 0, DAYS360(NOW(), $J21), "") | O21: =G21/F21*VLOOKUP(E21,'Membership Level'!$A$3:$C$10,3,FALSE)+I21 -> #DIV/0!
H22: =F22-G22 -> 0 | I22: 45059 | J22: =I22+30 -> 45089 | K22: 3 | M22: =IF($J22<>0,DATE(YEAR($J22),MONTH($J22)-$L22,DAY($J22)-$K22),"") -> 45086 | N22: =IF(DAYS360(NOW(), $J22) >= 0, DAYS360(NOW(), $J22), "") | O22: =G22/F22*VLOOKUP(E22,'Membership Level'!$A$3:$C$10,3,FALSE)+I22 -> #DIV/0!
H23: =F23-G23 -> 0 | I23: 45225 | J23: =I23+30 -> 45255 | K23: 3 | M23: =IF($J23<>0,DATE(YEAR($J23),MONTH($J23)-$L23,DAY($J23)-$K23),"") -> 45252 | N23: =IF(DAYS360(NOW(), $J23) >= 0, DAYS360(NOW(), $J23), "") | O23: =G23/F23*VLOOKUP(E23,'Membership Level'!$A$3:$C$10,3,FALSE)+I23 -> #DIV/0!
H24: =F24-G24 -> 0 | I24: 45097 | J24: =I24+30 -> 45127 | K24: 3 | M24: =IF($J24<>0,DATE(YEAR($J24),MONTH($J24)-$L24,DAY($J24)-$K24),"") -> 45124 | N24: =IF(DAYS360(NOW(), $J24) >= 0, DAYS360(NOW(), $J24), "") | O24: =G24/F24*VLOOKUP(E24,'Membership Level'!$A$3:$C$10,3,FALSE)+I24 -> #DIV/0!
H25: =F25-G25 -> 0 | I25: 45076 | J25: =I25+30 -> 45106 | K25: 3 | M25: =IF($J25<>0,DATE(YEAR($J25),MONTH($J25)-$L25,DAY($J25)-$K25),"") -> 45103 | N25: =IF(DAYS360(NOW(), $J25) >= 0, DAYS360(NOW(), $J25), "") | O25: =G25/F25*VLOOKUP(E25,'Membership Level'!$A$3:$C$10,3,FALSE)+I25 -> #DIV/0!
H26: =F26-G26 -> 0 | I26: 45085 | J26: =I26+30 -> 45115 | K26: 3 | M26: =IF($J26<>0,DATE(YEAR($J26),MONTH($J26)-$L26,DAY($J26)-$K26),"") -> 45112 | N26: =IF(DAYS360(NOW(), $J26) >= 0, DAYS360(NOW(), $J26), "") | O26: =G26/F26*VLOOKUP(E26,'Membership Level'!$A$3:$C$10,3,FALSE)+I26 -> #DIV/0!
H27: =F27-G27 -> 0 | I27: 45115 | J27: =I27+90 -> 45205 | K27: 3 | M27: =IF($J27<>0,DATE(YEAR($J27),MONTH($J27)-$L27,DAY($J27)-$K27),"") -> 45202 | N27: =IF(DAYS360(NOW(), $J27) >= 0, DAYS360(NOW(), $J27), "") | O27: =G27/F27*VLOOKUP(E27,'Membership Level'!$A$3:$C$10,3,FALSE)+I27 -> #DIV/0!
H28: =F28-G28 -> 0 | I28: 45274 | J28: =I28+30 -> 45304 | K28: 3 | M28: =IF($J28<>0,DATE(YEAR($J28),MONTH($J28)-$L28,DAY($J28)-$K28),"") -> 45301 | N28: =IF(DAYS360(NOW(), $J28) >= 0, DAYS360(NOW(), $J28), "") | O28: =G28/F28*VLOOKUP(E28,'Membership Level'!$A$3:$C$10,3,FALSE)+I28 -> #DIV/0!
H29: =F29-G29 -> 0 | I29: 45261 | J29: 45292 | K29: 3 | M29: =IF($J29<>0,DATE(YEAR($J29),MONTH($J29)-$L29,DAY($J29)-$K29),"") -> 45289 | N29: =IF(DAYS360(NOW(), $J29) >= 0, DAYS360(NOW(), $J29), "") | O29: =G29/F29*VLOOKUP(E29,'Membership Level'!$A$3:$C$10,3,FALSE)+I29 -> #DIV/0!
H30: =F30-G30 -> 0 | I30: 45110 | J30: =I30+30 -> 45140 | K30: 3 | M30: =IF($J30<>0,DATE(YEAR($J30),MONTH($J30)-$L30,DAY($J30)-$K30),"") -> 45137 | N30: =IF(DAYS360(NOW(), $J30) >= 0, DAYS360(NOW(), $J30), "") | O30: =G30/F30*VLOOKUP(E30,'Membership Level'!$A$3:$C$10,3,FALSE)+I30 -> #DIV/0!
H31: =F31-G31 -> 0 | I31: 45111 | J31: =I31+30 -> 45141 | K31: 3 | M31: =IF($J31<>0,DATE(YEAR($J31),MONTH($J31)-$L31,DAY($J31)-$K31),"") -> 45138 | N31: =IF(DAYS360(NOW(), $J31) >= 0, DAYS360(NOW(), $J31), "") | O31: =G31/F31*VLOOKUP(E31,'Membership Level'!$A$3:$C$10,3,FALSE)+I31 -> #DIV/0!
H32: =F32-G32 -> 0 | I32: 45173 | J32: =I32+30 -> 45203 | K32: 3 | M32: =IF($J32<>0,DATE(YEAR($J32),MONTH($J32)-$L32,DAY($J32)-$K32),"") -> 45200 | N32: =IF(DAYS360(NOW(), $J32) >= 0, DAYS360(NOW(), $J32), "") | O32: =G32/F32*VLOOKUP(E32,'Membership Level'!$A$3:$C$10,3,FALSE)+I32 -> #DIV/0!
H33: =F33-G33 -> 0 | I33: 45200 | J33: =I33+30 -> 45230 | K33: 3 | M33: =IF($J33<>0,DATE(YEAR($J33),MONTH($J33)-$L33,DAY($J33)-$K33),"") -> 45227 | N33: =IF(DAYS360(NOW(), $J33) >= 0, DAYS360(NOW(), $J33), "") | O33: =G33/F33*VLOOKUP(E33,'Membership Level'!$A$3:$C$10,3,FALSE)+I33 -> #DIV/0!
H34: =F34-G34 -> 0 | I34: 45143 | J34: =I34+30 -> 45173 | K34: 3 | M34: =IF($J34<>0,DATE(YEAR($J34),MONTH($J34)-$L34,DAY($J34)-$K34),"") -> 45170 | N34: =IF(DAYS360(NOW(), $J34) >= 0, DAYS360(NOW(), $J34), "") | O34: =G34/F34*VLOOKUP(E34,'Membership Level'!$A$3:$C$10,3,FALSE)+I34 -> #DIV/0!
H35: =F35-G35 -> 0 | I35: 45273 | J35: =I35+30 -> 45303 | K35: 3 | M35: =IF($J35<>0,DATE(YEAR($J35),MONTH($J35)-$L35,DAY($J35)-$K35),"") -> 45300 | N35: =IF(DAYS360(NOW(), $J35) >= 0, DAYS360(NOW(), $J35), "") | O35: =G35/F35*VLOOKUP(E35,'Membership Level'!$A$3:$C$10,3,FALSE)+I35 -> #DIV/0!
H36: =F36-G36 -> 0 | I36: 45294 | J36: =I36+30 -> 45324 | K36: 3 | M36: =IF($J36<>0,DATE(YEAR($J36),MONTH($J36)-$L36,DAY($J36)-$K36),"") -> 45321 | N36: =IF(DAYS360(NOW(), $J36) >= 0, DAYS360(NOW(), $J36), "") | O36: =G36/F36*VLOOKUP(E36,'Membership Level'!$A$3:$C$10,3,FALSE)+I36 -> #DIV/0!
H37: =F37-G37 -> 0 | K37: 3 | M37: =IF($J37<>0,DATE(YEAR($J37),MONTH($J37)-$L37,DAY($J37)-$K37),"") | O37: =G37/F37*VLOOKUP(E37,'Membership Level'!$A$3:$C$10,3,FALSE)+I37 -> #DIV/0!
H38: =F38-G38 -> 0 | K38: 3 | M38: =IF($J38<>0,DATE(YEAR($J38),MONTH($J38)-$L38,DAY($J38)-$K38),"") | O38: =G38/F38*VLOOKUP(E38,'Membership Level'!$A$3:$C$10,3,FALSE)+I38 -> #DIV/0!
K39: 3 | M39: =IF($J39<>0,DATE(YEAR($J39),MONTH($J39)-$L39,DAY($J39)-$K39),"") | O39: =G39/F39*VLOOKUP(E39,'Membership Level'!$A$3:$C$10,3,FALSE)+I39 -> #DIV/0!
K40: 3 | M40: =IF($J40<>0,DATE(YEAR($J40),MONTH($J40)-$L40,DAY($J40)-$K40),"") | O40: =G40/F40*VLOOKUP(E40,'Membership Level'!$A$3:$C$10,3,FALSE)+I40 -> #DIV/0!
K41: 3 | M41: =IF($J41<>0,DATE(YEAR($J41),MONTH($J41)-$L41,DAY($J41)-$K41),"") | O41: =G41/F41*VLOOKUP(E41,'Membership Level'!$A$3:$C$10,3,FALSE)+I41 -> #DIV/0!
K42: 3 | M42: =IF($J42<>0,DATE(YEAR($J42),MONTH($J42)-$L42,DAY($J42)-$K42),"")
K43: 3 | M43: =IF($J43<>0,DATE(YEAR($J43),MONTH($J43)-$L43,DAY($J43)-$K43),"")
M44: =IF($J44<>0,DATE(YEAR($J44),MONTH($J44)-$L44,DAY($J44)-$K44),"")
M45: =IF($J45<>0,DATE(YEAR($J45),MONTH($J45)-$L45,DAY($J45)-$K45),"")
M46: =IF($J46<>0,DATE(YEAR($J46),MONTH($J46)-$L46,DAY($J46)-$K46),"")
M47: =IF($J47<>0,DATE(YEAR($J47),MONTH($J47)-$L47,DAY($J47)-$K47),"")
