Workbook

Sheet Membership Level
A2: Levels | B2: Duration (Months) | C2: DAYS
A3: Cricket Month | B3: 1 | C3: =30*B3
A4: Cricket Qty | B4: 3 | C4: =30*B4
A5: Cricket HY | B5: 6 | C5: =30*B5
A6: Cricket Y | B6: 12 | C6: =30*B6
A7: Tennis Moth | B7: 1 | C7: =30*B7
A8: Tennis Qty | B8: 3 | C8: =30*B8
A9: Tennis HY | B9: 6 | C9: =30*B9
A10: Tennis Y | B10: 12 | C10: =30*B10
A11: Swimming 2 Moth | B11: 2 | C11: =30*B11
A12: Swimming Moth | B12: 1 | C12: =30*B12
A13: Swimming Qty | B13: 3 | C13: =30*B13
A14: Swimming HY | B14: 6 | C14: =30*B14
... A19: ZUMBA QTY | B19: 3 | C19: =30*B19
A20: SKATING MONTH | B20: 1 | C20: 30
A21: SKATING QTY | B21: 3 | C21: 90
F39: ='Membership Level'!A1

Sheet Sheet1

Sheet SWIMMING 2026
D2: Club Membership Database | E2: -2026
C5: =3300*30/100
A7: Contact Information | F7: Membership | M7: Notice term
A8: REG NO | B8: REG, DATE | C8: Last Name | D8: First Name | E8: MOBILE NO. | F8: Level | G8: DAYS | H8: Membership Fees | I8: Fees Paid | J8: Fees Due | K8: Start | L8: Expiration | M8: Days | N8: Termination Notice | O8: Days To Expiration | P8: Pending Fee Notice | Q8: REMARKS
A9: CAP/SW/398 | B9: 46127 | C9: GAURAV | D9: JEETENDRA | E9: 9122516151 | F9: ='Membership Level'!A12 | G9: MONTHLY | H9: 3300 | I9: 3300 | J9: =IF(H9="","",H9-I9) | K9: 46127 | L9: =IF(OR(K9="",$F9=""),"",DATE(YEAR(K9),MONTH(K9)+VLOOKUP($F9,'Membership Level'!$A$3:$B$15,2,FALSE),DAY(K9))) | M9: 3 | N9: =IF($L9="","",DATE(YEAR($L9),MONTH($L9),DAY($L9)-$M9)) | O9: =IF($L9="","",IF(DAYS360(NOW(),$L9)>=0,DAYS360(NOW(),$L9),"")) | P9: =IF(OR(H9="",H9=0,F9="",K9=""),"",I9/H9*VLOOKUP(F9,'Membership Level'!$A$3:$C$15,3,FALSE)+K9)
A10: CAP/SW/399 | B10: 46127 | C10: SAWARN | D10: RUDRANSH | E10: 9899582476 | F10: ='Membership Level'!A12 | G10: MONTHLY | H10: 3500 | I10: 3500 | J10: =IF(H10="","",H10-I10) | K10: 46127 | L10: =IF(OR(K10="",$F10=""),"",DATE(YEAR(K10),MONTH(K10)+VLOOKUP($F10,'Membership Level'!$A$3:$B$15,2,FALSE),DAY(K10))) | M10: 3 | N10: =IF($L10="","",DATE(YEAR($L10),MONTH($L10),DAY($L10)-$M10)) | O10: =IF($L10="","",IF(DAYS360(NOW(),$L10)>=0,DAYS360(NOW(),$L10),"")) | P10: =IF(OR(H10="",H10=0,F10="",K10=""),"",I10/H10*VLOOKUP(F10,'Membership Level'!$A$3:$C$15,3,FALSE)+K10)
A11: CAP/SW/400 | B11: 46127 | C11: SAWARN | D11: ANUSHKA | E11: 9899582476 | F11: ='Membership Level'!A12 | G11: MONTHLY | H11: 4000 | I11: 4000 | J11: =IF(H11="","",H11-I11) | K11: 46127 | L11: =IF(OR(K11="",$F11=""),"",DATE(YEAR(K11),MONTH(K11)+VLOOKUP($F11,'Membership Level'!$A$3:$B$15,2,FALSE),DAY(K11))) | M11: 3 | N11: =IF($L11="","",DATE(YEAR($L11),MONTH($L11),DAY($L11)-$M11)) | O11: =IF($L11="","",IF(DAYS360(NOW(),$L11)>=0,DAYS360(NOW(),$L11),"")) | P11: =IF(OR(H11="",H11=0,F11="",K11=""),"",I11/H11*VLOOKUP(F11,'Membership Level'!$A$3:$C$15,3,FALSE)+K11)
A12: CAP/SW/401 | B12: 46127 | C12: SAWARN | D12: PUSHKAR | E12: 9899582476 | F12: ='Membership Level'!A12 | G12: MONTHLY | H12: 4000 | I12: 4000 | J12: =IF(H12="","",H12-I12) | K12: 46127 | L12: =IF(OR(K12="",$F12=""),"",DATE(YEAR(K12),MONTH(K12)+VLOOKUP($F12,'Membership Level'!$A$3:$B$15,2,FALSE),DAY(K12))) | M12: 3 | N12: =IF($L12="","",DATE(YEAR($L12),MONTH($L12),DAY($L12)-$M12)) | O12: =IF($L12="","",IF(DAYS360(NOW(),$L12)>=0,DAYS360(NOW(),$L12),"")) | P12: =IF(OR(H12="",H12=0,F12="",K12=""),"",I12/H12*VLOOKUP(F12,'Membership Level'!$A$3:$C$15,3,FALSE)+K12)
A13: CAP/SW/402 | B13: 46127 | C13: THAPA | D13: AYUSHMAN | E13: 8210438591 | F13: ='Membership Level'!A12 | G13: MONTHLY | H13: 3500 | I13: 3500 | J13: =IF(H13="","",H13-I13) | K13: 46127 | L13: =IF(OR(K13="",$F13=""),"",DATE(YEAR(K13),MONTH(K13)+VLOOKUP($F13,'Membership Level'!$A$3:$B$15,2,FALSE),DAY(K13))) | M13: 3 | N13: =IF($L13="","",DATE(YEAR($L13),MONTH($L13),DAY($L13)-$M13)) | O13: =IF($L13="","",IF(DAYS360(NOW(),$L13)>=0,DAYS360(NOW(),$L13),"")) | P13: =IF(OR(H13="",H13=0,F13="",K13=""),"",I13/H13*VLOOKUP(F13,'Membership Level'!$A$3:$C$15,3,FALSE)+K13)
A14: CAP/SW/403 | B14: 46127 | C14: SINGH | D14: MAYANK | E14: 8294267125 | F14: ='Membership Level'!A12 | G14: MONTHLY (KID) | H14: 3500 | I14: 3500 | J14: =IF(H14="","",H14-I14) | K14: 46127 | L14: =IF(OR(K14="",$F14=""),"",DATE(YEAR(K14),MONTH(K14)+VLOOKUP($F14,'Membership Level'!$A$3:$B$15,2,FALSE),DAY(K14))) | M14: 3 | N14: =IF($L14="","",DATE(YEAR($L14),MONTH($L14),DAY($L14)-$M14)) | O14: =IF($L14="","",IF(DAYS360(NOW(),$L14)>=0,DAYS360(NOW(),$L14),"")) | P14: =IF(OR(H14="",H14=0,F14="",K14=""),"",I14/H14*VLOOKUP(F14,'Membership Level'!$A$3:$C$15,3,FALSE)+K14)
A15: CAP/SW/404 | B15: 46127 | C15: SINGH | D15: ARK | E15: 8294267125 | F15: ='Membership Level'!A12 | G15: MONTHLY | H15: 4000 | I15: 4000 | J15: =IF(H15="","",H15-I15) | K15: 46127 | L15: =IF(OR(K15="",$F15=""),"",DATE(YEAR(K15),MONTH(K15)+VLOOKUP($F15,'Membership Level'!$A$3:$B$15,2,FALSE),DAY(K15))) | M15: 3 | N15: =IF($L15="","",DATE(YEAR($L15),MONTH($L15),DAY($L15)-$M15)) | O15: =IF($L15="","",IF(DAYS360(NOW(),$L15)>=0,DAYS360(NOW(),$L15),"")) | P15: =IF(OR(H15="",H15=0,F15="",K15=""),"",I15/H15*VLOOKUP(F15,'Membership Level'!$A$3:$C$15,3,FALSE)+K15)
A16: CAP/SW/405 | B16: 46127 | C16: JAMSHED | D16: YUMNA | E16: 8340630594 | F16: ='Membership Level'!A16 | G16: 3MONTHS (3DAYS, KID) | H16: 7000 | I16: 7000 | J16: =IF(H16="","",H16-I16) | K16: 46127 | L16: =IF(OR(K16="",$F16=""),"",DATE(YEAR(K16),MONTH(K16)+VLOOKUP($F16,'Membership Level'!$A$3:$B$15,2,FALSE),DAY(K16))) | M16: 3 | N16: =IF($L16="","",DATE(YEAR($L16),MONTH($L16),DAY($L16)-$M16)) | O16: =IF($L16="","",IF(DAYS360(NOW(),$L16)>=0,DAYS360(NOW(),$L16),"")) | P16: =IF(OR(H16="",H16=0,F16="",K16=""),"",I16/H16*VLOOKUP(F16,'Membership Level'!$A$3:$C$15,3,FALSE)+K16) | Q16: RENEW UPTO 15/05/26
A17: CAP/SW/406 | B17: 46127 | C17: SINHA | D17: SURYA | E17: 9304834745 | F17: ='Membership Level'!A12 | G17: MONTHLY (KID) | H17: 3500 | I17: 3500 | J17: =IF(H17="","",H17-I17) | K17: 46127 | L17: =IF(OR(K17="",$F17=""),"",DATE(YEAR(K17),MONTH(K17)+VLOOKUP($F17,'Membership Level'!$A$3:$B$15,2,FALSE),DAY(K17))) | M17: 3 | N17: =IF($L17="","",DATE(YEAR($L17),MONTH($L17),DAY($L17)-$M17)) | O17: =IF($L17="","",IF(DAYS360(NOW(),$L17)>=0,DAYS360(NOW(),$L17),"")) | P17: =IF(OR(H17="",H17=0,F17="",K17=""),"",I17/H17*VLOOKUP(F17,'Membership Level'!$A$3:$C$15,3,FALSE)+K17)
A18: CAP/SW/407 | B18: 46127 | C18: PANDEY | D18: VIDUR | E18: 9296863309 | F18: ='Membership Level'!A12 | G18: MONTHLY | H18: 4400 | I18: 4400 | J18: =IF(H18="","",H18-I18) | K18: 46127 | L18: =IF(OR(K18="",$F18=""),"",DATE(YEAR(K18),MONTH(K18)+VLOOKUP($F18,'Membership Level'!$A$3:$B$15,2,FALSE),DAY(K18))) | M18: 3 | N18: =IF($L18="","",DATE(YEAR($L18),MONTH($L18),DAY($L18)-$M18)) | O18: =IF($L18="","",IF(DAYS360(NOW(),$L18)>=0,DAYS360(NOW(),$L18),"")) | P18: =IF(OR(H18="",H18=0,F18="",K18=""),"",I18/H18*VLOOKUP(F18,'Membership Level'!$A$3:$C$15,3,FALSE)+K18)
A19: CAP/SW/408 | B19: 46128 | C19: KHAN | D19: M.D ASLAM | E19: 7484030479 | F19: ='Membership Level'!A12 | G19: MONTHLY | H19: 4000 | I19: 4000 | J19: =IF(H19="","",H19-I19) | K19: 46128 | L19: =IF(OR(K19="",$F19=""),"",DATE(YEAR(K19),MONTH(K19)+VLOOKUP($F19,'Membership Level'!$A$3:$B$15,2,FALSE),DAY(K19))) | M19: 3 | N19: =IF($L19="","",DATE(YEAR($L19),MONTH($L19),DAY($L19)-$M19)) | O19: =IF($L19="","",IF(DAYS360(NOW(),$L19)>=0,DAYS360(NOW(),$L19),"")) | P19: =IF(OR(H19="",H19=0,F19="",K19=""),"",I19/H19*VLOOKUP(F19,'Membership Level'!$A$3:$C$15,3,FALSE)+K19)
A20: CAP/SW/409 | B20: 46128 | C20: KHAN | D20: SAKIB | E20: 9110164371 | F20: ='Membership Level'!A12 | G20: MONTHLY | H20: 4000 | I20: 4000 | J20: =IF(H20="","",H20-I20) | K20: 46128 | L20: =IF(OR(K20="",$F20=""),"",DATE(YEAR(K20),MONTH(K20)+VLOOKUP($F20,'Membership Level'!$A$3:$B$15,2,FALSE),DAY(K20))) | M20: 3 | N20: =IF($L20="","",DATE(YEAR($L20),MONTH($L20),DAY($L20)-$M20)) | O20: =IF($L20="","",IF(DAYS360(NOW(),$L20)>=0,DAYS360(NOW(),$L20),"")) | P20: =IF(OR(H20="",H20=0,F20="",K20=""),"",I20/H20*VLOOKUP(F20,'Membership Level'!$A$3:$C$15,3,FALSE)+K20)
A21: CAP/SW/410 | B21: 46128 | D21: ADIT | E21: 7992298315 | F21: ='Membership Level'!A12 | G21: MONTHLY | H21: 3500 | I21: 3500 | J21: =IF(H21="","",H21-I21) | K21: 46128 | L21: =IF(OR(K21="",$F21=""),"",DATE(YEAR(K21),MONTH(K21)+VLOOKUP($F21,'Membership Level'!$A$3:$B$15,2,FALSE),DAY(K21))) | M21: 3 | N21: =IF($L21="","",DATE(YEAR($L21),MONTH($L21),DAY($L21)-$M21)) | O21: =IF($L21="","",IF(DAYS360(NOW(),$L21)>=0,DAYS360(NOW(),$L21),"")) | P21: =IF(OR(H21="",H21=0,F21="",K21=""),"",I21/H21*VLOOKUP(F21,'Membership Level'!$A$3:$C$15,3,FALSE)+K21)
A22: CAP/SW/411 | B22: 46128 | C22: NEMATULLAH | D22: MOHAMMAD | E22: 9572274353 | F22: ='Membership Level'!A12 | G22: MONTHLY | H22: 4400 | I22: 4400 | J22: =IF(H22="","",H22-I22) | K22: 46128 | L22: =IF(OR(K22="",$F22=""),"",DATE(YEAR(K22),MONTH(K22)+VLOOKUP($F22,'Membership Level'!$A$3:$B$15,2,FALSE),DAY(K22))) | M22: 3 | N22: =IF($L22="","",DATE(YEAR($L22),MONTH($L22),DAY($L22)-$M22)) | O22: =IF($L22="","",IF(DAYS360(NOW(),$L22)>=0,DAYS360(NOW(),$L22),"")) | P22: =IF(OR(H22="",H22=0,F22="",K22=""),"",I22/H22*VLOOKUP(F22,'Membership Level'!$A$3:$C$15,3,FALSE)+K22)
A23: CAP/SW/412 | B23: 46128 | C23: SINGH | D23: MYRA | E23: 9905514665 | F23: ='Membership Level'!A12 | G23: MONTHLY (3 DAY KID ) | H23: 2800 | I23: 2800 | J23: =IF(H23="","",H23-I23) | K23: 46128 | L23: =IF(OR(K23="",$F23=""),"",DATE(YEAR(K23),MONTH(K23)+VLOOKUP($F23,'Membership Level'!$A$3:$B$15,2,FALSE),DAY(K23))) | M23: 3 | N23: =IF($L23="","",DATE(YEAR($L23),MONTH($L23),DAY($L23)-$M23)) | O23: =IF($L23="","",IF(DAYS360(NOW(),$L23)>=0,DAYS360(NOW(),$L23),"")) | P23: =IF(OR(H23="",H23=0,F23="",K23=""),"",I23/H23*VLOOKUP(F23,'Membership Level'!$A$3:$C$15,3,FALSE)+K23)
A24: CAP/SW/413 | B24: 46128 | C24: SINGH | D24: AAKANSHA | E24: 7091975237 | F24: ='Membership Level'!A12 | G24: MONTHLY (3 DAY) | H24: 3300 | I24: 3300 | J24: =IF(H24="","",H24-I24) | K24: 46128 | L24: =IF(OR(K24="",$F24=""),"",DATE(YEAR(K24),MONTH(K24)+VLOOKUP($F24,'Membership Level'!$A$3:$B$15,2,FALSE),DAY(K24))) | M24: 3 | N24: =IF($L24="","",DATE(YEAR($L24),MONTH($L24),DAY($L24)-$M24)) | O24: =IF($L24="","",IF(DAYS360(NOW(),$L24)>=0,DAYS360(NOW(),$L24),"")) | P24: =IF(OR(H24="",H24=0,F24="",K24=""),"",I24/H24*VLOOKUP(F24,'Membership Level'!$A$3:$C$15,3,FALSE)+K24)
A25: CAP/SW/414 | B25: 46128 | C25: SINGH | D25: RASHMI | E25: 9334548082 | F25: ='Membership Level'!A12 | G25: MONTHLY | H25: 4400 | I25: 4400 | J25: =IF(H25="","",H25-I25) | K25: 46128 | L25: =IF(OR(K25="",$F25=""),"",DATE(YEAR(K25),MONTH(K25)+VLOOKUP($F25,'Membership Level'!$A$3:$B$15,2,FALSE),DAY(K25))) | M25: 3 | N25: =IF($L25="","",DATE(YEAR($L25),MONTH($L25),DAY($L25)-$M25)) | O25: =IF($L25="","",IF(DAYS360(NOW(),$L25)>=0,DAYS360(NOW(),$L25),"")) | P25: =IF(OR(H25="",H25=0,F25="",K25=""),"",I25/H25*VLOOKUP(F25,'Membership Level'!$A$3:$C$15,3,FALSE)+K25)
A26: CAP/SW/415 | B26: 46129 | C26: KUMAR | D26: RAJENDRA | E26: 7004522943 | F26: ='Membership Level'!A12 | G26: MONTHLY | H26: 4000 | I26: 4000 | J26: =IF(H26="","",H26-I26) | K26: 46129 | L26: =IF(OR(K26="",$F26=""),"",DATE(YEAR(K26),MONTH(K26)+VLOOKUP($F26,'Membership Level'!$A$3:$B$15,2,FALSE),DAY(K26))) | M26: 3 | N26: =IF($L26="","",DATE(YEAR($L26),MONTH($L26),DAY($L26)-$M26)) | O26: =IF($L26="","",IF(DAYS360(NOW(),$L26)>=0,DAYS360(NOW(),$L26),"")) | P26: =IF(OR(H26="",H26=0,F26="",K26=""),"",I26/H26*VLOOKUP(F26,'Membership Level'!$A$3:$C$15,3,FALSE)+K26)
A27: CAP/SW/416 | B27: 46129 | C27: RAJ | D27: AYUSH VARDHAN | E27: 8789432896 | F27: ='Membership Level'!A12 | G27: MONTHLY | H27: 4400 | I27: 4400 | J27: =IF(H27="","",H27-I27) | K27: 46129 | L27: =IF(OR(K27="",$F27=""),"",DATE(YEAR(K27),MONTH(K27)+VLOOKUP($F27,'Membership Level'!$A$3:$B$15,2,FALSE),DAY(K27))) | M27: 3 | N27: =IF($L27="","",DATE(YEAR($L27),MONTH($L27),DAY($L27)-$M27)) | O27: =IF($L27="","",IF(DAYS360(NOW(),$L27)>=0,DAYS360(NOW(),$L27),"")) | P27: =IF(OR(H27="",H27=0,F27="",K27=""),"",I27/H27*VLOOKUP(F27,'Membership Level'!$A$3:$C$15,3,FALSE)+K27)
A28: CAP/SW/417 | B28: 46129 | C28: KUMARI | D28: ANSHIKA | E28: 8294608133 | F28: ='Membership Level'!A12 | G28: MONTHLY | H28: 3300 | I28: 3300 | J28: =IF(H28="","",H28-I28) | K28: 46129 | L28: =IF(OR(K28="",$F28=""),"",DATE(YEAR(K28),MONTH(K28)+VLOOKUP($F28,'Membership Level'!$A$3:$B$15,2,FALSE),DAY(K28))) | M28: 3 | N28: =IF($L28="","",DATE(YEAR($L28),MONTH($L28),DAY($L28)-$M28)) | O28: =IF($L28="","",IF(DAYS360(NOW(),$L28)>=0,DAYS360(NOW(),$L28),"")) | P28: =IF(OR(H28="",H28=0,F28="",K28=""),"",I28/H28*VLOOKUP(F28,'Membership Level'!$A$3:$C$15,3,FALSE)+K28)
A29: CAP/SW/418 | B29: 46129 | C29: KUMAR | D29: ANSH | E29: 8294608133 | F29: ='Membership Level'!A12 | G29: MONTHLY | H29: 3800 | I29: 3800 | J29: =IF(H29="","",H29-I29) | K29: 46129 | L29: =IF(OR(K29="",$F29=""),"",DATE(YEAR(K29),MONTH(K29)+VLOOKUP($F29,'Membership Level'!$A$3:$B$15,2,FALSE),DAY(K29))) | M29: 3 | N29: =IF($L29="","",DATE(YEAR($L29),MONTH($L29),DAY($L29)-$M29)) | O29: =IF($L29="","",IF(DAYS360(NOW(),$L29)>=0,DAYS360(NOW(),$L29),"")) | P29: =IF(OR(H29="",H29=0,F29="",K29=""),"",I29/H29*VLOOKUP(F29,'Membership Level'!$A$3:$C$15,3,FALSE)+K29)
A30: CAP/SW/419 | B30: 46129 | C30: SARAJ | D30: ANAAYA | E30: 8554925434 | F30: ='Membership Level'!A12 | G30: MONTHLY | H30: 3800 | I30: 3800 | J30: =IF(H30="","",H30-I30) | K30: 46129 | L30: =IF(OR(K30="",$F30=""),"",DATE(YEAR(K30),MONTH(K30)+VLOOKUP($F30,'Membership Level'!$A$3:$B$15,2,FALSE),DAY(K30))) | M30: 3 | N30: =IF($L30="","",DATE(YEAR($L30),MONTH($L30),DAY($L30)-$M30)) | O30: =IF($L30="","",IF(DAYS360(NOW(),$L30)>=0,DAYS360(NOW(),$L30),"")) | P30: =IF(OR(H30="",H30=0,F30="",K30=""),"",I30/H30*VLOOKUP(F30,'Membership Level'!$A$3:$C$15,3,FALSE)+K30)
A31: CAP/SW/420 | B31: 46129 | C31: SRIVASTAVA | D31: SARTHIKA | E31: 6387464675 | F31: ='Membership Level'!A12 | G31: MONTHLY (3 DAY KID ) | H31: 2800 | I31: 2800 | J31: =IF(H31="","",H31-I31) | K31: 46129 | L31: =IF(OR(K31="",$F31=""),"",DATE(YEAR(K31),MONTH(K31)+VLOOKUP($F31,'Membership Level'!$A$3:$B$15,2,FALSE),DAY(K31))) | M31: 3 | N31: =IF($L31="","",DATE(YEAR($L31),MONTH($L31),DAY($L31)-$M31)) | O31: =IF($L31="","",IF(DAYS360(NOW(),$L31)>=0,DAYS360(NOW(),$L31),"")) | P31: =IF(OR(H31="",H31=0,F31="",K31=""),"",I31/H31*VLOOKUP(F31,'Membership Level'!$A$3:$C$15,3,FALSE)+K31)
A32: CAP/SW/421 | B32: 46130 | C32: RANJAN | D32: RASHMI | E32: 8434007319 | F32: ='Membership Level'!A12 | G32: MONTHLY | H32: 4400 | I32: 3000 | J32: =IF(H32="","",H32-I32) | K32: 46130 | L32: =IF(OR(K32="",$F32=""),"",DATE(YEAR(K32),MONTH(K32)+VLOOKUP($F32,'Membership Level'!$A$3:$B$15,2,FALSE),DAY(K32))) | M32: 3 | N32: =IF($L32="","",DATE(YEAR($L32),MONTH($L32),DAY($L32)-$M32)) | O32: =IF($L32="","",IF(DAYS360(NOW(),$L32)>=0,DAYS360(NOW(),$L32),"")) | P32: =IF(OR(H32="",H32=0,F32="",K32=""),"",I32/H32*VLOOKUP(F32,'Membership Level'!$A$3:$C$15,3,FALSE)+K32)
A33: CAP/SW/422 | B33: 46130 | C33: CHANDRA | D33: SHRESH | E33: 8002081222 | F33: ='Membership Level'!A12 | G33: MONTHLY (3 DAY ) | H33: 3300 | I33: 3300 | J33: =IF(H33="","",H33-I33) | K33: 46130 | L33: =IF(OR(K33="",$F33=""),"",DATE(YEAR(K33),MONTH(K33)+VLOOKUP($F33,'Membership Level'!$A$3:$B$15,2,FALSE),DAY(K33))) | M33: 3 | N33: =IF($L33="","",DATE(YEAR($L33),MONTH($L33),DAY($L33)-$M33)) | O33: =IF($L33="","",IF(DAYS360(NOW(),$L33)>=0,DAYS360(NOW(),$L33),"")) | P33: =IF(OR(H33="",H33=0,F33="",K33=""),"",I33/H33*VLOOKUP(F33,'Membership Level'!$A$3:$C$15,3,FALSE)+K33)
A34: CAP/SW/423 | B34: 46130 | C34: SINGH | D34: NAVYA | E34: 9708216967 | F34: ='Membership Level'!A12 | G34: MONTHLY (2 DAY KID ) | H34: 2200 | I34: 2200 | J34: =IF(H34="","",H34-I34) | K34: 46130 | L34: =IF(OR(K34="",$F34=""),"",DATE(YEAR(K34),MONTH(K34)+VLOOKUP($F34,'Membership Level'!$A$3:$B$15,2,FALSE),DAY(K34))) | M34: 3 | N34: =IF($L34="","",DATE(YEAR($L34),MONTH($L34),DAY($L34)-$M34)) | O34: =IF($L34="","",IF(DAYS360(NOW(),$L34)>=0,DAYS360(NOW(),$L34),"")) | P34: =IF(OR(H34="",H34=0,F34="",K34=""),"",I34/H34*VLOOKUP(F34,'Membership Level'!$A$3:$C$15,3,FALSE)+K34)
A35: CAP/SW/424 | B35: 46130 | D35: AGASTYA | E35: 9708216967 | F35: ='Membership Level'!A12 | G35: MONTHLY (2 DAY KID ) | H35: 2200 | I35: 2200 | J35: =IF(H35="","",H35-I35) | K35: 46130 | L35: =IF(OR(K35="",$F35=""),"",DATE(YEAR(K35),MONTH(K35)+VLOOKUP($F35,'Membership Level'!$A$3:$B$15,2,FALSE),DAY(K35))) | M35: 3 | N35: =IF($L35="","",DATE(YEAR($L35),MONTH($L35),DAY($L35)-$M35)) | O35: =IF($L35="","",IF(DAYS360(NOW(),$L35)>=0,DAYS360(NOW(),$L35),"")) | P35: =IF(OR(H35="",H35=0,F35="",K35=""),"",I35/H35*VLOOKUP(F35,'Membership Level'!$A$3:$C$15,3,FALSE)+K35)
A36: CAP/SW/425 | B36: 46130 | C36: SHREE | D36: PUSHKAR | E36: 8789230720 | F36: ='Membership Level'!A12 | G36: MONTHLY | H36: 4000 | I36: 4000 | J36: =IF(H36="","",H36-I36) | K36: 46130 | L36: =IF(OR(K36="",$F36=""),"",DATE(YEAR(K36),MONTH(K36)+VLOOKUP($F36,'Membership Level'!$A$3:$B$15,2,FALSE),DAY(K36))) | M36: 3 | N36: =IF($L36="","",DATE(YEAR($L36),MONTH($L36),DAY($L36)-$M36)) | O36: =IF($L36="","",IF(DAYS360(NOW(),$L36)>=0,DAYS360(NOW(),$L36),"")) | P36: =IF(OR(H36="",H36=0,F36="",K36=""),"",I36/H36*VLOOKUP(F36,'Membership Level'!$A$3:$C$15,3,FALSE)+K36)
A37: CAP/SW/426 | B37: 46130 | C37: SHREE | D37: PARTH | E37: 8789230720 | F37: ='Membership Level'!A12 | G37: MONTHLY (KID ) | H37: 3800 | I37: 3800 | J37: =IF(H37="","",H37-I37) | K37: 46130 | L37: =IF(OR(K37="",$F37=""),"",DATE(YEAR(K37),MONTH(K37)+VLOOKUP($F37,'Membership Level'!$A$3:$B$15,2,FALSE),DAY(K37))) | M37: 3 | N37: =IF($L37="","",DATE(YEAR($L37),MONTH($L37),DAY($L37)-$M37)) | O37: =IF($L37="","",IF(DAYS360(NOW(),$L37)>=0,DAYS360(NOW(),$L37),"")) | P37: =IF(OR(H37="",H37=0,F37="",K37=""),"",I37/H37*VLOOKUP(F37,'Membership Level'!$A$3:$C$15,3,FALSE)+K37)
A38: CAP/SW/427 | B38: 46130 | D38: AIZA | E38: 9934061619 | F38: ='Membership Level'!A12 | G38: MONTHLY (2 DAY ) | H38: 2500 | I38: 2500 | J38: =IF(H38="","",H38-I38) | K38: 46130 | L38: =IF(OR(K38="",$F38=""),"",DATE(YEAR(K38),MONTH(K38)+VLOOKUP($F38,'Membership Level'!$A$3:$B$15,2,FALSE),DAY(K38))) | M38: 3 | N38: =IF($L38="","",DATE(YEAR($L38),MONTH($L38),DAY($L38)-$M38)) | O38: =IF($L38="","",IF(DAYS360(NOW(),$L38)>=0,DAYS360(NOW(),$L38),"")) | P38: =IF(OR(H38="",H38=0,F38="",K38=""),"",I38/H38*VLOOKUP(F38,'Membership Level'!$A$3:$C$15,3,FALSE)+K38)
A39: CAP/SW/428 | B39: 46130 | D39: ARISHA | E39: 9934061619 | F39: ='Membership Level'!A12 | G39: MONTHLY (2 DAY KID ) | H39: 2500 | I39: 2500 | J39: =IF(H39="","",H39-I39) | K39: 46130 | L39: =IF(OR(K39="",$F39=""),"",DATE(YEAR(K39),MONTH(K39)+VLOOKUP($F39,'Membership Level'!$A$3:$B$15,2,FALSE),DAY(K39))) | M39: 3 | N39: =IF($L39="","",DATE(YEAR($L39),MONTH($L39),DAY($L39)-$M39)) | O39: =IF($L39="","",IF(DAYS360(NOW(),$L39)>=0,DAYS360(NOW(),$L39),"")) | P39: =IF(OR(H39="",H39=0,F39="",K39=""),"",I39/H39*VLOOKUP(F39,'Membership Level'!$A$3:$C$15,3,FALSE)+K39)
A40: CAP/SW/429 | B40: 46130 | C40: KUMAR | D40: MANISH | E40: 9168145450 | F40: ='Membership Level'!A12 | G40: MONTHLY (3 DAY ) | H40: 3300 | I40: 3300 | J40: =IF(H40="","",H40-I40) | K40: 46130 | L40: =IF(OR(K40="",$F40=""),"",DATE(YEAR(K40),MONTH(K40)+VLOOKUP($F40,'Membership Level'!$A$3:$B$15,2,FALSE),DAY(K40))) | M40: 3 | N40: =IF($L40="","",DATE(YEAR($L40),MONTH($L40),DAY($L40)-$M40)) | O40: =IF($L40="","",IF(DAYS360(NOW(),$L40)>=0,DAYS360(NOW(),$L40),"")) | P40: =IF(OR(H40="",H40=0,F40="",K40=""),"",I40/H40*VLOOKUP(F40,'Membership Level'!$A$3:$C$15,3,FALSE)+K40)
A41: CAP/SW/430 | B41: 46130 | C41: SINGH | D41: SHARVANI | E41: 9990621282 | F41: ='Membership Level'!A12 | G41: MONTHLY (KID ) | H41: 3800 | I41: 3800 | J41: =IF(H41="","",H41-I41) | K41: 46130 | L41: =IF(OR(K41="",$F41=""),"",DATE(YEAR(K41),MONTH(K41)+VLOOKUP($F41,'Membership Level'!$A$3:$B$15,2,FALSE),DAY(K41))) | M41: 3 | N41: =IF($L41="","",DATE(YEAR($L41),MONTH($L41),DAY($L41)-$M41)) | O41: =IF($L41="","",IF(DAYS360(NOW(),$L41)>=0,DAYS360(NOW(),$L41),"")) | P41: =IF(OR(H41="",H41=0,F41="",K41=""),"",I41/H41*VLOOKUP(F41,'Membership Level'!$A$3:$C$15,3,FALSE)+K41)
A42: CAP/SW/431 | B42: 46130 | C42: BHATTACHARYA | D42: DIPANWITA | E42: 9771689875 | F42: ='Membership Level'!A14 | G42: 6 MONTHS (3 DAY ) | H42: 14500 | I42: 8000 | J42: =IF(H42="","",H42-I42) | K42: 46130 | L42: =IF(OR(K42="",$F42=""),"",DATE(YEAR(K42),MONTH(K42)+VLOOKUP($F42,'Membership Level'!$A$3:$B$15,2,FALSE),DAY(K42))) | M42: 3 | N42: =IF($L42="","",DATE(YEAR($L42),MONTH($L42),DAY($L42)-$M42)) | O42: =IF($L42="","",IF(DAYS360(NOW(),$L42)>=0,DAYS360(NOW(),$L42),"")) | P42: =IF(OR(H42="",H42=0,F42="",K42=""),"",I42/H42*VLOOKUP(F42,'Membership Level'!$A$3:$C$15,3,FALSE)+K42)
A43: CAP/SW/432 | B43: 46130 | C43: VERMA | D43: AKASH KUMAR | E43: 9591135769 | F43: ='Membership Level'!A12 | G43: MONTHLY | H43: 4000 | I43: 4000 | J43: =IF(H43="","",H43-I43) | K43: 46130 | L43: =IF(OR(K43="",$F43=""),"",DATE(YEAR(K43),MONTH(K43)+VLOOKUP($F43,'Membership Level'!$A$3:$B$15,2,FALSE),DAY(K43))) | M43: 3 | N43: =IF($L43="","",DATE(YEAR($L43),MONTH($L43),DAY($L43)-$M43)) | O43: =IF($L43="","",IF(DAYS360(NOW(),$L43)>=0,DAYS360(NOW(),$L43),"")) | P43: =IF(OR(H43="",H43=0,F43="",K43=""),"",I43/H43*VLOOKUP(F43,'Membership Level'!$A$3:$C$15,3,FALSE)+K43)
A44: CAP/SW/433 | B44: 46130 | C44: ANAND | D44: ANKITESH | E44: 7979828225 | F44: ='Membership Level'!A12 | G44: MONTHLY | H44: 4000 | I44: 4000 | J44: =IF(H44="","",H44-I44) | K44: 46130 | L44: =IF(OR(K44="",$F44=""),"",DATE(YEAR(K44),MONTH(K44)+VLOOKUP($F44,'Membership Level'!$A$3:$B$15,2,FALSE),DAY(K44))) | M44: 3 | N44: =IF($L44="","",DATE(YEAR($L44),MONTH($L44),DAY($L44)-$M44)) | O44: =IF($L44="","",IF(DAYS360(NOW(),$L44)>=0,DAYS360(NOW(),$L44),"")) | P44: =IF(OR(H44="",H44=0,F44="",K44=""),"",I44/H44*VLOOKUP(F44,'Membership Level'!$A$3:$C$15,3,FALSE)+K44)
A45: CAP/SW/434 | B45: 46130 | C45: SHARMA | D45: VIVAN | E45: 7321902688 | F45: ='Membership Level'!A13 | G45: 3 MONTHS | H45: 7800 | I45: 7800 | J45: =IF(H45="","",H45-I45) | K45: 46130 | L45: =IF(OR(K45="",$F45=""),"",DATE(YEAR(K45),MONTH(K45)+VLOOKUP($F45,'Membership Level'!$A$3:$B$15,2,FALSE),DAY(K45))) | M45: 3 | N45: =IF($L45="","",DATE(YEAR($L45),MONTH($L45),DAY($L45)-$M45)) | O45: =IF($L45="","",IF(DAYS360(NOW(),$L45)>=0,DAYS360(NOW(),$L45),"")) | P45: =IF(OR(H45="",H45=0,F45="",K45=""),"",I45/H45*VLOOKUP(F45,'Membership Level'!$A$3:$C$15,3,FALSE)+K45)
A46: CAP/SW/435 | B46: 46130 | D46: DR. TANVEER | E46: 7677337234 | F46: ='Membership Level'!A12 | G46: MONTHLY (2 DAY ) | H46: 2000 | I46: 2000 | J46: =IF(H46="","",H46-I46) | K46: 46130 | L46: =IF(OR(K46="",$F46=""),"",DATE(YEAR(K46),MONTH(K46)+VLOOKUP($F46,'Membership Level'!$A$3:$B$15,2,FALSE),DAY(K46))) | M46: 3 | N46: =IF($L46="","",DATE(YEAR($L46),MONTH($L46),DAY($L46)-$M46)) | O46: =IF($L46="","",IF(DAYS360(NOW(),$L46)>=0,DAYS360(NOW(),$L46),"")) | P46: =IF(OR(H46="",H46=0,F46="",K46=""),"",I46/H46*VLOOKUP(F46,'Membership Level'!$A$3:$C$15,3,FALSE)+K46)
A47: CAP/SW/436 | B47: 46130 | C47: PRIYA | D47: TANVI | E47: 7903654973 | F47: ='Membership Level'!A12 | G47: MONTHLY (3 DAY KID ) | H47: 2800 | I47: 2800 | J47: =IF(H47="","",H47-I47) | K47: 46130 | L47: =IF(OR(K47="",$F47=""),"",DATE(YEAR(K47),MONTH(K47)+VLOOKUP($F47,'Membership Level'!$A$3:$B$15,2,FALSE),DAY(K47))) | M47: 3 | N47: =IF($L47="","",DATE(YEAR($L47),MONTH($L47),DAY($L47)-$M47)) | O47: =IF($L47="","",IF(DAYS360(NOW(),$L47)>=0,DAYS360(NOW(),$L47),"")) | P47: =IF(OR(H47="",H47=0,F47="",K47=""),"",I47/H47*VLOOKUP(F47,'Membership Level'!$A$3:$C$15,3,FALSE)+K47)
A48: CAP/SW/437 | B48: 46130 | C48: PRIYA | D48: MISHITA | E48: 7903654973 | F48: ='Membership Level'!A12 | G48: MONTHLY (3 DAY KID ) | H48: 2800 | I48: 2800 | J48: =IF(H48="","",H48-I48) | K48: 46130 | L48: =IF(OR(K48="",$F48=""),"",DATE(YEAR(K48),MONTH(K48)+VLOOKUP($F48,'Membership Level'!$A$3:$B$15,2,FALSE),DAY(K48))) | M48: 3 | N48: =IF($L48="","",DATE(YEAR($L48),MONTH($L48),DAY($L48)-$M48)) | O48: =IF($L48="","",IF(DAYS360(NOW(),$L48)>=0,DAYS360(NOW(),$L48),"")) | P48: =IF(OR(H48="",H48=0,F48="",K48=""),"",I48/H48*VLOOKUP(F48,'Membership Level'!$A$3:$C$15,3,FALSE)+K48)
A49: CAP/SW/438 | B49: 46130 | C49: RON | D49: STALIN | E49: 9153114183 | F49: ='Membership Level'!A12 | G49: MONTHLY (3 DAY KID ) | H49: 2800 | I49: 2800 | J49: =IF(H49="","",H49-I49) | K49: 46130 | L49: =IF(OR(K49="",$F49=""),"",DATE(YEAR(K49),MONTH(K49)+VLOOKUP($F49,'Membership Level'!$A$3:$B$15,2,FALSE),DAY(K49))) | M49: 3 | N49: =IF($L49="","",DATE(YEAR($L49),MONTH($L49),DAY($L49)-$M49)) | O49: =IF($L49="","",IF(DAYS360(NOW(),$L49)>=0,DAYS360(NOW(),$L49),"")) | P49: =IF(OR(H49="",H49=0,F49="",K49=""),"",I49/H49*VLOOKUP(F49,'Membership Level'!$A$3:$C$15,3,FALSE)+K49)
A50: CAP/SW/439 | B50: 46130 | C50: MINJ | D50: RICHARD | E50: 9153114183 | F50: ='Membership Level'!A12 | G50: MONTHLY (3 DAY KID ) | H50: 2800 | I50: 2800 | J50: =IF(H50="","",H50-I50) | K50: 46130 | L50: =IF(OR(K50="",$F50=""),"",DATE(YEAR(K50),MONTH(K50)+VLOOKUP($F50,'Membership Level'!$A$3:$B$15,2,FALSE),DAY(K50))) | N50: =IF($L50="","",DATE(YEAR($L50),MONTH($L50),DAY($L50)-$M50)) | O50: =IF($L50="","",IF(DAYS360(NOW(),$L50)>=0,DAYS360(NOW(),$L50),"")) | P50: =IF(OR(H50="",H50=0,F50="",K50=""),"",I50/H50*VLOOKUP(F50,'Membership Level'!$A$3:$C$15,3,FALSE)+K50)
A51: CAP/SW/440 | B51: 46130 | C51: KUMAR | D51: ARJUN | E51: 9113304187 | F51: ='Membership Level'!A12 | G51: MONTHLY (2 DAY ) | H51: 2500 | I51: 2500 | J51: =IF(H51="","",H51-I51) | K51: 46130 | L51: =IF(OR(K51="",$F51=""),"",DATE(YEAR(K51),MONTH(K51)+VLOOKUP($F51,'Membership Level'!$A$3:$B$15,2,FALSE),DAY(K51))) | M51: 3 | N51: =IF($L51="","",DATE(YEAR($L51),MONTH($L51),DAY($L51)-$M51)) | O51: =IF($L51="","",IF(DAYS360(NOW(),$L51)>=0,DAYS360(NOW(),$L51),"")) | P51: =IF(OR(H51="",H51=0,F51="",K51=""),"",I51/H51*VLOOKUP(F51,'Membership Level'!$A$3:$C$15,3,FALSE)+K51)
A52: CAP/SW/441 | B52: 46130 | C52: SHRESTHA | D52: YASHASHVI | E52: 9973154666 | F52: ='Membership Level'!A12 | G52: MONTHLY (3 DAY ) | H52: 3000 | I52: 3000 | J52: =IF(H52="","",H52-I52) | K52: 46130 | L52: =IF(OR(K52="",$F52=""),"",DATE(YEAR(K52),MONTH(K52)+VLOOKUP($F52,'Membership Level'!$A$3:$B$15,2,FALSE),DAY(K52))) | M52: 3 | N52: =IF($L52="","",DATE(YEAR($L52),MONTH($L52),DAY($L52)-$M52)) | O52: =IF($L52="","",IF(DAYS360(NOW(),$L52)>=0,DAYS360(NOW(),$L52),"")) | P52: =IF(OR(H52="",H52=0,F52="",K52=""),"",I52/H52*VLOOKUP(F52,'Membership Level'!$A$3:$C$15,3,FALSE)+K52)
A53: CAP/SW/442 | B53: 46131 | C53: KASHYAP | D53: SHLOK | E53: 7033365657 | F53: ='Membership Level'!A12 | G53: MONTHLY (3 DAY ) | H53: 3300 | I53: 3300 | J53: =IF(H53="","",H53-I53) | K53: 46131 | L53: =IF(OR(K53="",$F53=""),"",DATE(YEAR(K53),MONTH(K53)+VLOOKUP($F53,'Membership Level'!$A$3:$B$15,2,FALSE),DAY(K53))) | M53: 3 | N53: =IF($L53="","",DATE(YEAR($L53),MONTH($L53),DAY($L53)-$M53)) | O53: =IF($L53="","",IF(DAYS360(NOW(),$L53)>=0,DAYS360(NOW(),$L53),"")) | P53: =IF(OR(H53="",H53=0,F53="",K53=""),"",I53/H53*VLOOKUP(F53,'Membership Level'!$A$3:$C$15,3,FALSE)+K53)
A54: CAP/SW/443 | B54: 46131 | C54: MURARKA | D54: MONIKA | E54: 9576036640 | F54: ='Membership Level'!A12 | G54: MONTHLY (2 DAY KID ) | H54: 2000 | I54: 2000 | J54: =IF(H54="","",H54-I54) | K54: 46131 | L54: =IF(OR(K54="",$F54=""),"",DATE(YEAR(K54),MONTH(K54)+VLOOKUP($F54,'Membership Level'!$A$3:$B$15,2,FALSE),DAY(K54))) | M54: 3 | N54: =IF($L54="","",DATE(YEAR($L54),MONTH($L54),DAY($L54)-$M54)) | O54: =IF($L54="","",IF(DAYS360(NOW(),$L54)>=0,DAYS360(NOW(),$L54),"")) | P54: =IF(OR(H54="",H54=0,F54="",K54=""),"",I54/H54*VLOOKUP(F54,'Membership Level'!$A$3:$C$15,3,FALSE)+K54)
A55: CAP/SW/444 | B55: 46131 | C55: JAIN | D55: VIDHI | E55: 9576036640 | F55: ='Membership Level'!A12 | G55: MONTHLY (2 DAY ) | H55: 2500 | I55: 2500 | J55: =IF(H55="","",H55-I55) | K55: 46131 | L55: =IF(OR(K55="",$F55=""),"",DATE(YEAR(K55),MONTH(K55)+VLOOKUP($F55,'Membership Level'!$A$3:$B$15,2,FALSE),DAY(K55))) | M55: 3 | N55: =IF($L55="","",DATE(YEAR($L55),MONTH($L55),DAY($L55)-$M55)) | O55: =IF($L55="","",IF(DAYS360(NOW(),$L55)>=0,DAYS360(NOW(),$L55),"")) | P55: =IF(OR(H55="",H55=0,F55="",K55=""),"",I55/H55*VLOOKUP(F55,'Membership Level'!$A$3:$C$15,3,FALSE)+K55)
A56: CAP/SW/445 | B56: 46131 | C56: CHANDRA | D56: SHAURYA | E56: 7200618563 | F56: ='Membership Level'!A12 | G56: MONTHLY (2 DAY KID ) | H56: 2200 | I56: 2200 | J56: =IF(H56="","",H56-I56) | K56: 46131 | L56: =IF(OR(K56="",$F56=""),"",DATE(YEAR(K56),MONTH(K56)+VLOOKUP($F56,'Membership Level'!$A$3:$B$15,2,FALSE),DAY(K56))) | M56: 3 | N56: =IF($L56="","",DATE(YEAR($L56),MONTH($L56),DAY($L56)-$M56)) | O56: =IF($L56="","",IF(DAYS360(NOW(),$L56)>=0,DAYS360(NOW(),$L56),"")) | P56: =IF(OR(H56="",H56=0,F56="",K56=""),"",I56/H56*VLOOKUP(F56,'Membership Level'!$A$3:$C$15,3,FALSE)+K56)
A57: CAP/SW/446 | B57: 46131 | C57: CHANDRA | D57: SHUBASH | E57: 7200618563 | F57: ='Membership Level'!A12 | G57: MONTHLY (2 DAY ) | H57: 2500 | I57: 2500 | J57: =IF(H57="","",H57-I57) | K57: 46131 | L57: =IF(OR(K57="",$F57=""),"",DATE(YEAR(K57),MONTH(K57)+VLOOKUP($F57,'Membership Level'!$A$3:$B$15,2,FALSE),DAY(K57))) | M57: 3 | N57: =IF($L57="","",DATE(YEAR($L57),MONTH($L57),DAY($L57)-$M57)) | O57: =IF($L57="","",IF(DAYS360(NOW(),$L57)>=0,DAYS360(NOW(),$L57),"")) | P57: =IF(OR(H57="",H57=0,F57="",K57=""),"",I57/H57*VLOOKUP(F57,'Membership Level'!$A$3:$C$15,3,FALSE)+K57)
A58: CAP/SW/447 | B58: 46131 | D58: SHAQEEL | E58: 7544063715 | F58: ='Membership Level'!A12 | G58: MONTHLY (1 DAY ) | H58: 1500 | I58: 1500 | J58: =IF(H58="","",H58-I58) | K58: 46131 | L58: =IF(OR(K58="",$F58=""),"",DATE(YEAR(K58),MONTH(K58)+VLOOKUP($F58,'Membership Level'!$A$3:$B$15,2,FALSE),DAY(K58))) | M58: 3 | N58: =IF($L58="","",DATE(YEAR($L58),MONTH($L58),DAY($L58)-$M58)) | O58: =IF($L58="","",IF(DAYS360(NOW(),$L58)>=0,DAYS360(NOW(),$L58),"")) | P58: =IF(OR(H58="",H58=0,F58="",K58=""),"",I58/H58*VLOOKUP(F58,'Membership Level'!$A$3:$C$15,3,FALSE)+K58)
A59: CAP/SW/448 | B59: 46131 | D59: AHAD | E59: 7544063715 | F59: ='Membership Level'!A12 | G59: MONTHLY (1 DAY ) | H59: 1500 | I59: 1500 | J59: =IF(H59="","",H59-I59) | K59: 46131 | L59: =IF(OR(K59="",$F59=""),"",DATE(YEAR(K59),MONTH(K59)+VLOOKUP($F59,'Membership Level'!$A$3:$B$15,2,FALSE),DAY(K59))) | M59: 3 | N59: =IF($L59="","",DATE(YEAR($L59),MONTH($L59),DAY($L59)-$M59)) | O59: =IF($L59="","",IF(DAYS360(NOW(),$L59)>=0,DAYS360(NOW(),$L59),"")) | P59: =IF(OR(H59="",H59=0,F59="",K59=""),"",I59/H59*VLOOKUP(F59,'Membership Level'!$A$3:$C$15,3,FALSE)+K59)
A60: CAP/SW/449 | B60: 46131 | D60: FALAK | E60: 7544063715 | F60: ='Membership Level'!A12 | G60: MONTHLY (1 DAY ) | H60: 1500 | I60: 1500 | J60: =IF(H60="","",H60-I60) | K60: 46131 | L60: =IF(OR(K60="",$F60=""),"",DATE(YEAR(K60),MONTH(K60)+VLOOKUP($F60,'Membership Level'!$A$3:$B$15,2,FALSE),DAY(K60))) | M60: 3 | N60: =IF($L60="","",DATE(YEAR($L60),MONTH($L60),DAY($L60)-$M60)) | O60: =IF($L60="","",IF(DAYS360(NOW(),$L60)>=0,DAYS360(NOW(),$L60),"")) | P60: =IF(OR(H60="",H60=0,F60="",K60=""),"",I60/H60*VLOOKUP(F60,'Membership Level'!$A$3:$C$15,3,FALSE)+K60)
A61: CAP/SW/450 | B61: 46131 | D61: GUGU | E61: 7544063715 | F61: ='Membership Level'!A12 | G61: MONTHLY (1 DAY ) | H61: 1500 | I61: 1500 | J61: =IF(H61="","",H61-I61) | K61: 46131 | L61: =IF(OR(K61="",$F61=""),"",DATE(YEAR(K61),MONTH(K61)+VLOOKUP($F61,'Membership Level'!$A$3:$B$15,2,FALSE),DAY(K61))) | M61: 3 | N61: =IF($L61="","",DATE(YEAR($L61),MONTH($L61),DAY($L61)-$M61)) | O61: =IF($L61="","",IF(DAYS360(NOW(),$L61)>=0,DAYS360(NOW(),$L61),"")) | P61: =IF(OR(H61="",H61=0,F61="",K61=""),"",I61/H61*VLOOKUP(F61,'Membership Level'!$A$3:$C$15,3,FALSE)+K61)
A62: CAP/SW/451 | B62: 46131 | C62: VATSYA | D62: VEDANT | E62: 9386190129 | F62: ='Membership Level'!A12 | G62: MONTHLY (1 DAY ) | H62: 1200 | I62: 1200 | J62: =IF(H62="","",H62-I62) | K62: 46131 | L62: =IF(OR(K62="",$F62=""),"",DATE(YEAR(K62),MONTH(K62)+VLOOKUP($F62,'Membership Level'!$A$3:$B$15,2,FALSE),DAY(K62))) | M62: 3 | N62: =IF($L62="","",DATE(YEAR($L62),MONTH($L62),DAY($L62)-$M62)) | O62: =IF($L62="","",IF(DAYS360(NOW(),$L62)>=0,DAYS360(NOW(),$L62),"")) | P62: =IF(OR(H62="",H62=0,F62="",K62=""),"",I62/H62*VLOOKUP(F62,'Membership Level'!$A$3:$C$15,3,FALSE)+K62)
A63: CAP/SW/452 | B63: 46131 | C63: SINGH | D63: MANJESH | E63: 7759012991 | F63: ='Membership Level'!A12 | G63: MONTHLY (3 DAY ) | H63: 3000 | I63: 3000 | J63: =IF(H63="","",H63-I63) | K63: 46131 | L63: =IF(OR(K63="",$F63=""),"",DATE(YEAR(K63),MONTH(K63)+VLOOKUP($F63,'Membership Level'!$A$3:$B$15,2,FALSE),DAY(K63))) | M63: 3 | N63: =IF($L63="","",DATE(YEAR($L63),MONTH($L63),DAY($L63)-$M63)) | O63: =IF($L63="","",IF(DAYS360(NOW(),$L63)>=0,DAYS360(NOW(),$L63),"")) | P63: =IF(OR(H63="",H63=0,F63="",K63=""),"",I63/H63*VLOOKUP(F63,'Membership Level'!$A$3:$C$15,3,FALSE)+K63)
A64: CAP/SW/453 | B64: 46131 | C64: DIVYAKRITI | D64: MANVIK | E64: 7759012991 | F64: ='Membership Level'!A12 | G64: MONTHLY (3 DAY KID ) | H64: 2800 | I64: 2800 | J64: =IF(H64="","",H64-I64) | K64: 46131 | L64: =IF(OR(K64="",$F64=""),"",DATE(YEAR(K64),MONTH(K64)+VLOOKUP($F64,'Membership Level'!$A$3:$B$15,2,FALSE),DAY(K64))) | M64: 3 | N64: =IF($L64="","",DATE(YEAR($L64),MONTH($L64),DAY($L64)-$M64)) | O64: =IF($L64="","",IF(DAYS360(NOW(),$L64)>=0,DAYS360(NOW(),$L64),"")) | P64: =IF(OR(H64="",H64=0,F64="",K64=""),"",I64/H64*VLOOKUP(F64,'Membership Level'!$A$3:$C$15,3,FALSE)+K64)
A65: CAP/SW/454 | B65: 46131 | C65: UJJAWAL | D65: OJAS | E65: 7759012991 | F65: ='Membership Level'!A12 | G65: MONTHLY (3 DAY KID ) | H65: 2800 | I65: 2800 | J65: =IF(H65="","",H65-I65) | K65: 46131 | L65: =IF(OR(K65="",$F65=""),"",DATE(YEAR(K65),MONTH(K65)+VLOOKUP($F65,'Membership Level'!$A$3:$B$15,2,FALSE),DAY(K65))) | M65: 3 | N65: =IF($L65="","",DATE(YEAR($L65),MONTH($L65),DAY($L65)-$M65)) | O65: =IF($L65="","",IF(DAYS360(NOW(),$L65)>=0,DAYS360(NOW(),$L65),"")) | P65: =IF(OR(H65="",H65=0,F65="",K65=""),"",I65/H65*VLOOKUP(F65,'Membership Level'!$A$3:$C$15,3,FALSE)+K65)
A66: CAP/SW/455 | B66: 46131 | C66: SINGH | D66: AMRITA | E66: 6204481551 | F66: ='Membership Level'!A12 | G66: MONTHLY ( 2 DAY ) | H66: 2500 | I66: 2500 | J66: =IF(H66="","",H66-I66) | K66: 46131 | L66: =IF(OR(K66="",$F66=""),"",DATE(YEAR(K66),MONTH(K66)+VLOOKUP($F66,'Membership Level'!$A$3:$B$15,2,FALSE),DAY(K66))) | M66: 3 | N66: =IF($L66="","",DATE(YEAR($L66),MONTH($L66),DAY($L66)-$M66)) | O66: =IF($L66="","",IF(DAYS360(NOW(),$L66)>=0,DAYS360(NOW(),$L66),"")) | P66: =IF(OR(H66="",H66=0,F66="",K66=""),"",I66/H66*VLOOKUP(F66,'Membership Level'!$A$3:$C$15,3,FALSE)+K66)
A67: CAP/SW/456 | B67: 46131 | C67: KUMAR | D67: KUNAL | E67: 8210076453 | F67: ='Membership Level'!A12 | G67: MONTHLY (2 DAY ) | H67: 2500 | I67: 2500 | J67: =IF(H67="","",H67-I67) | K67: 46131 | L67: =IF(OR(K67="",$F67=""),"",DATE(YEAR(K67),MONTH(K67)+VLOOKUP($F67,'Membership Level'!$A$3:$B$15,2,FALSE),DAY(K67))) | M67: 3 | N67: =IF($L67="","",DATE(YEAR($L67),MONTH($L67),DAY($L67)-$M67)) | O67: =IF($L67="","",IF(DAYS360(NOW(),$L67)>=0,DAYS360(NOW(),$L67),"")) | P67: =IF(OR(H67="",H67=0,F67="",K67=""),"",I67/H67*VLOOKUP(F67,'Membership Level'!$A$3:$C$15,3,FALSE)+K67)
A68: CAP/SW/457 | B68: 46131 | C68: PANDEY | D68: PRISHA | E68: 9507778290 | F68: ='Membership Level'!A12 | G68: MONTHLY (2 DAY ) | H68: 2500 | I68: 2500 | J68: =IF(H68="","",H68-I68) | K68: 46131 | L68: =IF(OR(K68="",$F68=""),"",DATE(YEAR(K68),MONTH(K68)+VLOOKUP($F68,'Membership Level'!$A$3:$B$15,2,FALSE),DAY(K68))) | M68: 3 | N68: =IF($L68="","",DATE(YEAR($L68),MONTH($L68),DAY($L68)-$M68)) | O68: =IF($L68="","",IF(DAYS360(NOW(),$L68)>=0,DAYS360(NOW(),$L68),"")) | P68: =IF(OR(H68="",H68=0,F68="",K68=""),"",I68/H68*VLOOKUP(F68,'Membership Level'!$A$3:$C$15,3,FALSE)+K68)
A69: CAP/SW/458 | B69: 46131 | C69: KUNWAR | D69: KAYRA | E69: 9940417651 | F69: ='Membership Level'!A12 | G69: MONTHLY (1 DAY ) | H69: 1200 | I69: 1200 | J69: =IF(H69="","",H69-I69) | K69: 46131 | L69: =IF(OR(K69="",$F69=""),"",DATE(YEAR(K69),MONTH(K69)+VLOOKUP($F69,'Membership Level'!$A$3:$B$15,2,FALSE),DAY(K69))) | M69: 3 | N69: =IF($L69="","",DATE(YEAR($L69),MONTH($L69),DAY($L69)-$M69)) | O69: =IF($L69="","",IF(DAYS360(NOW(),$L69)>=0,DAYS360(NOW(),$L69),"")) | P69: =IF(OR(H69="",H69=0,F69="",K69=""),"",I69/H69*VLOOKUP(F69,'Membership Level'!$A$3:$C$15,3,FALSE)+K69)
A70: CAP/SW/459 | B70: 46131 | C70: SINGH | D70: RAUSHAN | E70: 7033882450 | F70: ='Membership Level'!A12 | G70: MONTHLY (1 DAY ) | H70: 1000 | I70: 1000 | J70: =IF(H70="","",H70-I70) | K70: 46131 | L70: =IF(OR(K70="",$F70=""),"",DATE(YEAR(K70),MONTH(K70)+VLOOKUP($F70,'Membership Level'!$A$3:$B$15,2,FALSE),DAY(K70))) | M70: 3 | N70: =IF($L70="","",DATE(YEAR($L70),MONTH($L70),DAY($L70)-$M70)) | O70: =IF($L70="","",IF(DAYS360(NOW(),$L70)>=0,DAYS360(NOW(),$L70),"")) | P70: =IF(OR(H70="",H70=0,F70="",K70=""),"",I70/H70*VLOOKUP(F70,'Membership Level'!$A$3:$C$15,3,FALSE)+K70)
A71: CAP/SW/460 | B71: 46132 | C71: KUMAR | D71: ASHISH | E71: 9007868369 | F71: ='Membership Level'!A12 | G71: MONTHLY | H71: 4400 | I71: 4400 | J71: =IF(H71="","",H71-I71) | K71: 46132 | L71: =IF(OR(K71="",$F71=""),"",DATE(YEAR(K71),MONTH(K71)+VLOOKUP($F71,'Membership Level'!$A$3:$B$15,2,FALSE),DAY(K71))) | M71: 3 | N71: =IF($L71="","",DATE(YEAR($L71),MONTH($L71),DAY($L71)-$M71)) | O71: =IF($L71="","",IF(DAYS360(NOW(),$L71)>=0,DAYS360(NOW(),$L71),"")) | P71: =IF(OR(H71="",H71=0,F71="",K71=""),"",I71/H71*VLOOKUP(F71,'Membership Level'!$A$3:$C$15,3,FALSE)+K71)
A72: CAP/SW/461 | B72: 46132 | C72: SONAL | D72: ADYA | E72: 9007868369 | F72: ='Membership Level'!A12 | G72: MONTHLY (KID ) | H72: 3800 | I72: 3800 | J72: =IF(H72="","",H72-I72) | K72: 46132 | L72: =IF(OR(K72="",$F72=""),"",DATE(YEAR(K72),MONTH(K72)+VLOOKUP($F72,'Membership Level'!$A$3:$B$15,2,FALSE),DAY(K72))) | M72: 3 | N72: =IF($L72="","",DATE(YEAR($L72),MONTH($L72),DAY($L72)-$M72)) | O72: =IF($L72="","",IF(DAYS360(NOW(),$L72)>=0,DAYS360(NOW(),$L72),"")) | P72: =IF(OR(H72="",H72=0,F72="",K72=""),"",I72/H72*VLOOKUP(F72,'Membership Level'!$A$3:$C$15,3,FALSE)+K72)
A73: CAP/SW/462 | B73: 46132 | C73: PRAKASH | D73: JYOTIRADITYA | E73: 6205863681 | F73: ='Membership Level'!A14 | G73: 6 MONTHS | H73: 17000 | I73: 17000 | J73: =IF(H73="","",H73-I73) | K73: 46132 | L73: =IF(OR(K73="",$F73=""),"",DATE(YEAR(K73),MONTH(K73)+VLOOKUP($F73,'Membership Level'!$A$3:$B$15,2,FALSE),DAY(K73))) | M73: 3 | N73: =IF($L73="","",DATE(YEAR($L73),MONTH($L73),DAY($L73)-$M73)) | O73: =IF($L73="","",IF(DAYS360(NOW(),$L73)>=0,DAYS360(NOW(),$L73),"")) | P73: =IF(OR(H73="",H73=0,F73="",K73=""),"",I73/H73*VLOOKUP(F73,'Membership Level'!$A$3:$C$15,3,FALSE)+K73)
A74: CAP/SW/463 | B74: 46133 | D74: ARCHANA | E74: 7970851995 | F74: ='Membership Level'!A12 | G74: MONTHLY | H74: 4000 | I74: 4000 | J74: =IF(H74="","",H74-I74) | K74: 46133 | L74: =IF(OR(K74="",$F74=""),"",DATE(YEAR(K74),MONTH(K74)+VLOOKUP($F74,'Membership Level'!$A$3:$B$15,2,FALSE),DAY(K74))) | M74: 3 | N74: =IF($L74="","",DATE(YEAR($L74),MONTH($L74),DAY($L74)-$M74)) | O74: =IF($L74="","",IF(DAYS360(NOW(),$L74)>=0,DAYS360(NOW(),$L74),"")) | P74: =IF(OR(H74="",H74=0,F74="",K74=""),"",I74/H74*VLOOKUP(F74,'Membership Level'!$A$3:$C$15,3,FALSE)+K74)
A75: CAP/SW/464 | B75: 46133 | D75: AAYUSH | E75: 9097981296 | F75: ='Membership Level'!A12 | G75: MONTHLY (3 DAY ) | H75: 3300 | I75: 3300 | J75: =IF(H75="","",H75-I75) | K75: 46133 | L75: =IF(OR(K75="",$F75=""),"",DATE(YEAR(K75),MONTH(K75)+VLOOKUP($F75,'Membership Level'!$A$3:$B$15,2,FALSE),DAY(K75))) | M75: 3 | N75: =IF($L75="","",DATE(YEAR($L75),MONTH($L75),DAY($L75)-$M75)) | O75: =IF($L75="","",IF(DAYS360(NOW(),$L75)>=0,DAYS360(NOW(),$L75),"")) | P75: =IF(OR(H75="",H75=0,F75="",K75=""),"",I75/H75*VLOOKUP(F75,'Membership Level'!$A$3:$C$15,3,FALSE)+K75)
A76: CAP/SW/465 | B76: 46133 | H76: 0 | I76: 0 | J76: =IF(H76="","",H76-I76) | K76: 46133 | L76: =IF(OR(K76="",$F76=""),"",DATE(YEAR(K76),MONTH(K76)+VLOOKUP($F76,'Membership Level'!$A$3:$B$15,2,FALSE),DAY(K76))) | M76: 3 | N76: =IF($L76="","",DATE(YEAR($L76),MONTH($L76),DAY($L76)-$M76)) | O76: =IF($L76="","",IF(DAYS360(NOW(),$L76)>=0,DAYS360(NOW(),$L76),"")) | P76: =IF(OR(H76="",H76=0,F76="",K76=""),"",I76/H76*VLOOKUP(F76,'Membership Level'!$A$3:$C$15,3,FALSE)+K76)
A77: CAP/SW/466 | B77: 46133 | H77: 0 | I77: 0 | J77: =IF(H77="","",H77-I77) | K77: 46133 | L77: =IF(OR(K77="",$F77=""),"",DATE(YEAR(K77),MONTH(K77)+VLOOKUP($F77,'Membership Level'!$A$3:$B$15,2,FALSE),DAY(K77))) | M77: 3 | N77: =IF($L77="","",DATE(YEAR($L77),MONTH($L77),DAY($L77)-$M77)) | O77: =IF($L77="","",IF(DAYS360(NOW(),$L77)>=0,DAYS360(NOW(),$L77),"")) | P77: =IF(OR(H77="",H77=0,F77="",K77=""),"",I77/H77*VLOOKUP(F77,'Membership Level'!$A$3:$C$15,3,FALSE)+K77)
A78: CAP/SW/467 | B78: 46133 | H78: 0 | I78: 0 | J78: =IF(H78="","",H78-I78) | K78: 46133 | L78: =IF(OR(K78="",$F78=""),"",DATE(YEAR(K78),MONTH(K78)+VLOOKUP($F78,'Membership Level'!$A$3:$B$15,2,FALSE),DAY(K78))) | N78: =IF($L78="","",DATE(YEAR($L78),MONTH($L78),DAY($L78)-$M78)) | O78: =IF($L78="","",IF(DAYS360(NOW(),$L78)>=0,DAYS360(NOW(),$L78),"")) | P78: =IF(OR(H78="",H78=0,F78="",K78=""),"",I78/H78*VLOOKUP(F78,'Membership Level'!$A$3:$C$15,3,FALSE)+K78)
A79: CAP/SW/468 | B79: 46133 | H79: 0 | I79: 0 | J79: =IF(H79="","",H79-I79) | K79: 46133 | L79: =IF(OR(K79="",$F79=""),"",DATE(YEAR(K79),MONTH(K79)+VLOOKUP($F79,'Membership Level'!$A$3:$B$15,2,FALSE),DAY(K79))) | M79: 3 | N79: =IF($L79="","",DATE(YEAR($L79),MONTH($L79),DAY($L79)-$M79)) | O79: =IF($L79="","",IF(DAYS360(NOW(),$L79)>=0,DAYS360(NOW(),$L79),"")) | P79: =IF(OR(H79="",H79=0,F79="",K79=""),"",I79/H79*VLOOKUP(F79,'Membership Level'!$A$3:$C$15,3,FALSE)+K79)
A80: CAP/SW/469 | B80: 46133 | H80: 0 | I80: 0 | J80: =IF(H80="","",H80-I80) | K80: 46133 | L80: =IF(OR(K80="",$F80=""),"",DATE(YEAR(K80),MONTH(K80)+VLOOKUP($F80,'Membership Level'!$A$3:$B$15,2,FALSE),DAY(K80))) | M80: 3 | N80: =IF($L80="","",DATE(YEAR($L80),MONTH($L80),DAY($L80)-$M80)) | O80: =IF($L80="","",IF(DAYS360(NOW(),$L80)>=0,DAYS360(NOW(),$L80),"")) | P80: =IF(OR(H80="",H80=0,F80="",K80=""),"",I80/H80*VLOOKUP(F80,'Membership Level'!$A$3:$C$15,3,FALSE)+K80)
A81: CAP/SW/470 | B81: 46133 | H81: 0 | I81: 0 | J81: =IF(H81="","",H81-I81) | K81: 46133 | L81: =IF(OR(K81="",$F81=""),"",DATE(YEAR(K81),MONTH(K81)+VLOOKUP($F81,'Membership Level'!$A$3:$B$15,2,FALSE),DAY(K81))) | M81: 3 | N81: =IF($L81="","",DATE(YEAR($L81),MONTH($L81),DAY($L81)-$M81)) | O81: =IF($L81="","",IF(DAYS360(NOW(),$L81)>=0,DAYS360(NOW(),$L81),"")) | P81: =IF(OR(H81="",H81=0,F81="",K81=""),"",I81/H81*VLOOKUP(F81,'Membership Level'!$A$3:$C$15,3,FALSE)+K81)
A82: CAP/SW/471 | B82: 46133 | H82: 0 | I82: 0 | J82: =IF(H82="","",H82-I82) | K82: 46133 | L82: =IF(OR(K82="",$F82=""),"",DATE(YEAR(K82),MONTH(K82)+VLOOKUP($F82,'Membership Level'!$A$3:$B$15,2,FALSE),DAY(K82))) | M82: 3 | N82: =IF($L82="","",DATE(YEAR($L82),MONTH($L82),DAY($L82)-$M82)) | O82: =IF($L82="","",IF(DAYS360(NOW(),$L82)>=0,DAYS360(NOW(),$L82),"")) | P82: =IF(OR(H82="",H82=0,F82="",K82=""),"",I82/H82*VLOOKUP(F82,'Membership Level'!$A$3:$C$15,3,FALSE)+K82)
A83: CAP/SW/472 | B83: 46133 | H83: 0 | I83: 0 | J83: =IF(H83="","",H83-I83) | K83: 46133 | L83: =IF(OR(K83="",$F83=""),"",DATE(YEAR(K83),MONTH(K83)+VLOOKUP($F83,'Membership Level'!$A$3:$B$15,2,FALSE),DAY(K83))) | M83: 3 | N83: =IF($L83="","",DATE(YEAR($L83),MONTH($L83),DAY($L83)-$M83)) | O83: =IF($L83="","",IF(DAYS360(NOW(),$L83)>=0,DAYS360(NOW(),$L83),"")) | P83: =IF(OR(H83="",H83=0,F83="",K83=""),"",I83/H83*VLOOKUP(F83,'Membership Level'!$A$3:$C$15,3,FALSE)+K83)
A84: CAP/SW/473 | H84: 0 | I84: 0 | J84: =IF(H84="","",H84-I84) | L84: =IF(OR(K84="",$F84=""),"",DATE(YEAR(K84),MONTH(K84)+VLOOKUP($F84,'Membership Level'!$A$3:$B$15,2,FALSE),DAY(K84))) | M84: 3 | N84: =IF($L84="","",DATE(YEAR($L84),MONTH($L84),DAY($L84)-$M84)) | O84: =IF($L84="","",IF(DAYS360(NOW(),$L84)>=0,DAYS360(NOW(),$L84),"")) | P84: =IF(OR(H84="",H84=0,F84="",K84=""),"",I84/H84*VLOOKUP(F84,'Membership Level'!$A$3:$C$15,3,FALSE)+K84)
A85: CAP/SW/474 | H85: 0 | I85: 0 | J85: =IF(H85="","",H85-I85) | L85: =IF(OR(K85="",$F85=""),"",DATE(YEAR(K85),MONTH(K85)+VLOOKUP($F85,'Membership Level'!$A$3:$B$15,2,FALSE),DAY(K85))) | N85: =IF($L85="","",DATE(YEAR($L85),MONTH($L85),DAY($L85)-$M85)) | O85: =IF($L85="","",IF(DAYS360(NOW(),$L85)>=0,DAYS360(NOW(),$L85),"")) | P85: =IF(OR(H85="",H85=0,F85="",K85=""),"",I85/H85*VLOOKUP(F85,'Membership Level'!$A$3:$C$15,3,FALSE)+K85)
A86: CAP/SW/475 | H86: 0 | I86: 0 | J86: =IF(H86="","",H86-I86) | L86: =IF(OR(K86="",$F86=""),"",DATE(YEAR(K86),MONTH(K86)+VLOOKUP($F86,'Membership Level'!$A$3:$B$15,2,FALSE),DAY(K86))) | N86: =IF($L86="","",DATE(YEAR($L86),MONTH($L86),DAY($L86)-$M86)) | O86: =IF($L86="","",IF(DAYS360(NOW(),$L86)>=0,DAYS360(NOW(),$L86),"")) | P86: =IF(OR(H86="",H86=0,F86="",K86=""),"",I86/H86*VLOOKUP(F86,'Membership Level'!$A$3:$C$15,3,FALSE)+K86)
A87: CAP/SW/476 | H87: 0 | I87: 0 | J87: =IF(H87="","",H87-I87) | L87: =IF(OR(K87="",$F87=""),"",DATE(YEAR(K87),MONTH(K87)+VLOOKUP($F87,'Membership Level'!$A$3:$B$15,2,FALSE),DAY(K87))) | N87: =IF($L87="","",DATE(YEAR($L87),MONTH($L87),DAY($L87)-$M87)) | O87: =IF($L87="","",IF(DAYS360(NOW(),$L87)>=0,DAYS360(NOW(),$L87),"")) | P87: =IF(OR(H87="",H87=0,F87="",K87=""),"",I87/H87*VLOOKUP(F87,'Membership Level'!$A$3:$C$15,3,FALSE)+K87)
A88: CAP/SW/477 | H88: 0 | I88: 0 | J88: =IF(H88="","",H88-I88) | L88: =IF(OR(K88="",$F88=""),"",DATE(YEAR(K88),MONTH(K88)+VLOOKUP($F88,'Membership Level'!$A$3:$B$15,2,FALSE),DAY(K88))) | N88: =IF($L88="","",DATE(YEAR($L88),MONTH($L88),DAY($L88)-$M88)) | O88: =IF($L88="","",IF(DAYS360(NOW(),$L88)>=0,DAYS360(NOW(),$L88),"")) | P88: =IF(OR(H88="",H88=0,F88="",K88=""),"",I88/H88*VLOOKUP(F88,'Membership Level'!$A$3:$C$15,3,FALSE)+K88)
A89: CAP/SW/478 | H89: 0 | I89: 0 | J89: =IF(H89="","",H89-I89) | L89: =IF(OR(K89="",$F89=""),"",DATE(YEAR(K89),MONTH(K89)+VLOOKUP($F89,'Membership Level'!$A$3:$B$15,2,FALSE),DAY(K89))) | N89: =IF($L89="","",DATE(YEAR($L89),MONTH($L89),DAY($L89)-$M89)) | O89: =IF($L89="","",IF(DAYS360(NOW(),$L89)>=0,DAYS360(NOW(),$L89),"")) | P89: =IF(OR(H89="",H89=0,F89="",K89=""),"",I89/H89*VLOOKUP(F89,'Membership Level'!$A$3:$C$15,3,FALSE)+K89)
A90: CAP/SW/479 | H90: 0 | I90: 0 | J90: =IF(H90="","",H90-I90) | L90: =IF(OR(K90="",$F90=""),"",DATE(YEAR(K90),MONTH(K90)+VLOOKUP($F90,'Membership Level'!$A$3:$B$15,2,FALSE),DAY(K90))) | N90: =IF($L90="","",DATE(YEAR($L90),MONTH($L90),DAY($L90)-$M90)) | O90: =IF($L90="","",IF(DAYS360(NOW(),$L90)>=0,DAYS360(NOW(),$L90),"")) | P90: =IF(OR(H90="",H90=0,F90="",K90=""),"",I90/H90*VLOOKUP(F90,'Membership Level'!$A$3:$C$15,3,FALSE)+K90)
A91: CAP/SW/480 | H91: 0 | I91: 0 | J91: =IF(H91="","",H91-I91) | L91: =IF(OR(K91="",$F91=""),"",DATE(YEAR(K91),MONTH(K91)+VLOOKUP($F91,'Membership Level'!$A$3:$B$15,2,FALSE),DAY(K91))) | N91: =IF($L91="","",DATE(YEAR($L91),MONTH($L91),DAY($L91)-$M91)) | O91: =IF($L91="","",IF(DAYS360(NOW(),$L91)>=0,DAYS360(NOW(),$L91),"")) | P91: =IF(OR(H91="",H91=0,F91="",K91=""),"",I91/H91*VLOOKUP(F91,'Membership Level'!$A$3:$C$15,3,FALSE)+K91)
A92: CAP/SW/481 | H92: 0 | I92: 0 | J92: =IF(H92="","",H92-I92) | L92: =IF(OR(K92="",$F92=""),"",DATE(YEAR(K92),MONTH(K92)+VLOOKUP($F92,'Membership Level'!$A$3:$B$15,2,FALSE),DAY(K92))) | N92: =IF($L92="","",DATE(YEAR($L92),MONTH($L92),DAY($L92)-$M92)) | O92: =IF($L92="","",IF(DAYS360(NOW(),$L92)>=0,DAYS360(NOW(),$L92),"")) | P92: =IF(OR(H92="",H92=0,F92="",K92=""),"",I92/H92*VLOOKUP(F92,'Membership Level'!$A$3:$C$15,3,FALSE)+K92)
A93: CAP/SW/482 | H93: 0 | I93: 0 | J93: =IF(H93="","",H93-I93) | L93: =IF(OR(K93="",$F93=""),"",DATE(YEAR(K93),MONTH(K93)+VLOOKUP($F93,'Membership Level'!$A$3:$B$15,2,FALSE),DAY(K93))) | N93: =IF($L93="","",DATE(YEAR($L93),MONTH($L93),DAY($L93)-$M93)) | O93: =IF($L93="","",IF(DAYS360(NOW(),$L93)>=0,DAYS360(NOW(),$L93),"")) | P93: =IF(OR(H93="",H93=0,F93="",K93=""),"",I93/H93*VLOOKUP(F93,'Membership Level'!$A$3:$C$15,3,FALSE)+K93)
A94: CAP/SW/483 | H94: 0 | I94: 0 | J94: =IF(H94="","",H94-I94) | L94: =IF(OR(K94="",$F94=""),"",DATE(YEAR(K94),MONTH(K94)+VLOOKUP($F94,'Membership Level'!$A$3:$B$15,2,FALSE),DAY(K94))) | N94: =IF($L94="","",DATE(YEAR($L94),MONTH($L94),DAY($L94)-$M94)) | O94: =IF($L94="","",IF(DAYS360(NOW(),$L94)>=0,DAYS360(NOW(),$L94),"")) | P94: =IF(OR(H94="",H94=0,F94="",K94=""),"",I94/H94*VLOOKUP(F94,'Membership Level'!$A$3:$C$15,3,FALSE)+K94)
A95: CAP/SW/484 | H95: 0 | I95: 0 | J95: =IF(H95="","",H95-I95) | L95: =IF(OR(K95="",$F95=""),"",DATE(YEAR(K95),MONTH(K95)+VLOOKUP($F95,'Membership Level'!$A$3:$B$15,2,FALSE),DAY(K95))) | N95: =IF($L95="","",DATE(YEAR($L95),MONTH($L95),DAY($L95)-$M95)) | O95: =IF($L95="","",IF(DAYS360(NOW(),$L95)>=0,DAYS360(NOW(),$L95),"")) | P95: =IF(OR(H95="",H95=0,F95="",K95=""),"",I95/H95*VLOOKUP(F95,'Membership Level'!$A$3:$C$15,3,FALSE)+K95)
A96: CAP/SW/485 | H96: 0 | I96: 0 | J96: =IF(H96="","",H96-I96) | L96: =IF(OR(K96="",$F96=""),"",DATE(YEAR(K96),MONTH(K96)+VLOOKUP($F96,'Membership Level'!$A$3:$B$15,2,FALSE),DAY(K96))) | N96: =IF($L96="","",DATE(YEAR($L96),MONTH($L96),DAY($L96)-$M96)) | O96: =IF($L96="","",IF(DAYS360(NOW(),$L96)>=0,DAYS360(NOW(),$L96),"")) | P96: =IF(OR(H96="",H96=0,F96="",K96=""),"",I96/H96*VLOOKUP(F96,'Membership Level'!$A$3:$C$15,3,FALSE)+K96)
... A103: CAP/SW/492 | H103: 0 | I103: 0 | J103: =IF(H103="","",H103-I103) | L103: =IF(OR(K103="",$F103=""),"",DATE(YEAR(K103),MONTH(K103)+VLOOKUP($F103,'Membership Level'!$A$3:$B$15,2,FALSE),DAY(K103))) | N103: =IF($L103="","",DATE(YEAR($L103),MONTH($L103),DAY($L103)-$M103)) | O103: =IF($L103="","",IF(DAYS360(NOW(),$L103)>=0,DAYS360(NOW(),$L103),"")) | P103: =IF(OR(H103="",H103=0,F103="",K103=""),"",I103/H103*VLOOKUP(F103,'Membership Level'!$A$3:$C$15,3,FALSE)+K103)
H104: 0 | I104: 0 | J104: =IF(H104="","",H104-I104) | L104: =IF(OR(K104="",$F104=""),"",DATE(YEAR(K104),MONTH(K104)+VLOOKUP($F104,'Membership Level'!$A$3:$B$15,2,FALSE),DAY(K104))) | N104: =IF($L104="","",DATE(YEAR($L104),MONTH($L104),DAY($L104)-$M104)) | O104: =IF($L104="","",IF(DAYS360(NOW(),$L104)>=0,DAYS360(NOW(),$L104),"")) | P104: =IF(OR(H104="",H104=0,F104="",K104=""),"",I104/H104*VLOOKUP(F104,'Membership Level'!$A$3:$C$15,3,FALSE)+K104)
H105: 0 | I105: 0 | J105: =IF(H105="","",H105-I105) | L105: =IF(OR(K105="",$F105=""),"",DATE(YEAR(K105),MONTH(K105)+VLOOKUP($F105,'Membership Level'!$A$3:$B$15,2,FALSE),DAY(K105))) | N105: =IF($L105="","",DATE(YEAR($L105),MONTH($L105),DAY($L105)-$M105)) | O105: =IF($L105="","",IF(DAYS360(NOW(),$L105)>=0,DAYS360(NOW(),$L105),"")) | P105: =IF(OR(H105="",H105=0,F105="",K105=""),"",I105/H105*VLOOKUP(F105,'Membership Level'!$A$3:$C$15,3,FALSE)+K105)
H106: 0 | I106: 0 | J106: =IF(H106="","",H106-I106) | L106: =IF(OR(K106="",$F106=""),"",DATE(YEAR(K106),MONTH(K106)+VLOOKUP($F106,'Membership Level'!$A$3:$B$15,2,FALSE),DAY(K106))) | N106: =IF($L106="","",DATE(YEAR($L106),MONTH($L106),DAY($L106)-$M106)) | O106: =IF($L106="","",IF(DAYS360(NOW(),$L106)>=0,DAYS360(NOW(),$L106),"")) | P106: =IF(OR(H106="",H106=0,F106="",K106=""),"",I106/H106*VLOOKUP(F106,'Membership Level'!$A$3:$C$15,3,FALSE)+K106)
H107: 0 | I107: 0 | J107: =IF(H107="","",H107-I107) | L107: =IF(OR(K107="",$F107=""),"",DATE(YEAR(K107),MONTH(K107)+VLOOKUP($F107,'Membership Level'!$A$3:$B$15,2,FALSE),DAY(K107))) | N107: =IF($L107="","",DATE(YEAR($L107),MONTH($L107),DAY($L107)-$M107)) | O107: =IF($L107="","",IF(DAYS360(NOW(),$L107)>=0,DAYS360(NOW(),$L107),"")) | P107: =IF(OR(H107="",H107=0,F107="",K107=""),"",I107/H107*VLOOKUP(F107,'Membership Level'!$A$3:$C$15,3,FALSE)+K107)
H108: 0 | I108: 0 | J108: =IF(H108="","",H108-I108) | L108: =IF(OR(K108="",$F108=""),"",DATE(YEAR(K108),MONTH(K108)+VLOOKUP($F108,'Membership Level'!$A$3:$B$15,2,FALSE),DAY(K108))) | N108: =IF($L108="","",DATE(YEAR($L108),MONTH($L108),DAY($L108)-$M108)) | O108: =IF($L108="","",IF(DAYS360(NOW(),$L108)>=0,DAYS360(NOW(),$L108),"")) | P108: =IF(OR(H108="",H108=0,F108="",K108=""),"",I108/H108*VLOOKUP(F108,'Membership Level'!$A$3:$C$15,3,FALSE)+K108)
H109: 0 | I109: 0 | J109: =IF(H109="","",H109-I109) | L109: =IF(OR(K109="",$F109=""),"",DATE(YEAR(K109),MONTH(K109)+VLOOKUP($F109,'Membership Level'!$A$3:$B$15,2,FALSE),DAY(K109))) | N109: =IF($L109="","",DATE(YEAR($L109),MONTH($L109),DAY($L109)-$M109)) | O109: =IF($L109="","",IF(DAYS360(NOW(),$L109)>=0,DAYS360(NOW(),$L109),"")) | P109: =IF(OR(H109="",H109=0,F109="",K109=""),"",I109/H109*VLOOKUP(F109,'Membership Level'!$A$3:$C$15,3,FALSE)+K109)
H110: 0 | I110: 0 | J110: =IF(H110="","",H110-I110) | L110: =IF(OR(K110="",$F110=""),"",DATE(YEAR(K110),MONTH(K110)+VLOOKUP($F110,'Membership Level'!$A$3:$B$15,2,FALSE),DAY(K110))) | N110: =IF($L110="","",DATE(YEAR($L110),MONTH($L110),DAY($L110)-$M110)) | O110: =IF($L110="","",IF(DAYS360(NOW(),$L110)>=0,DAYS360(NOW(),$L110),"")) | P110: =IF(OR(H110="",H110=0,F110="",K110=""),"",I110/H110*VLOOKUP(F110,'Membership Level'!$A$3:$C$15,3,FALSE)+K110) | Q110: =200*50
...
